pool,r2,r2_adj,horizon,run_type,split_type,target_variable
3000,0.0729981118828142,0.06312087480581219,10,all_features,train,cum_volume_500
3000,0.06528044473844552,0.05472772358231335,20,all_features,train,cum_volume_500
3000,0.06197777104269368,0.050631380961608755,30,all_features,train,cum_volume_500
3000,0.06696751560987438,0.05495937018036758,40,all_features,train,cum_volume_500
3000,0.05936918050640956,0.046466148912712654,50,all_features,train,cum_volume_500
3000,0.061521560530049646,0.04783636695507272,60,all_features,train,cum_volume_500
3000,0.07048218794906617,0.05617667380244125,70,all_features,train,cum_volume_500
3000,0.08070043384179706,0.06579171770461349,80,all_features,train,cum_volume_500
3000,0.08194904549933484,0.0663674891868081,90,all_features,train,cum_volume_500
3000,0.09010842267722405,0.0737951541588699,100,all_features,train,cum_volume_500
3000,0.12249200139747655,0.10602255624210263,110,all_features,train,cum_volume_500
3000,0.12314599792201368,0.10574974469231338,120,all_features,train,cum_volume_500
3000,0.12442219390217824,0.10619733790568497,130,all_features,train,cum_volume_500
3000,0.14759698136005053,0.128968113961266,140,all_features,train,cum_volume_500
3000,0.1797566722197844,0.16092112286671217,150,all_features,train,cum_volume_500
3000,0.18363941017395902,0.16390012130079049,160,all_features,train,cum_volume_500
3000,0.18286586740750027,0.16225347487363545,170,all_features,train,cum_volume_500
3000,0.1842963376099153,0.1627575172743395,180,all_features,train,cum_volume_500
3000,0.1795579482949762,0.1566254476853872,190,all_features,train,cum_volume_500
3000,0.23157576148344328,0.20904131732226267,200,all_features,train,cum_volume_500
3000,0.23719764006698912,0.2138635547667805,210,all_features,train,cum_volume_500
3000,0.23971867931904126,0.2154728057665733,220,all_features,train,cum_volume_500
3000,0.23876055508726807,0.2135976789917297,230,all_features,train,cum_volume_500
3000,0.23767725001623613,0.21135130260674231,240,all_features,train,cum_volume_500
3000,0.23826413344313088,0.21082133860392158,250,all_features,train,cum_volume_500
3000,0.24336585581953094,0.21495647509522287,260,all_features,train,cum_volume_500
3000,0.24833247460005312,0.21877817684685907,270,all_features,train,cum_volume_500
3000,0.25454120765562593,0.2240432561167629,280,all_features,train,cum_volume_500
3000,0.25090248494159073,0.21867319803636906,290,all_features,train,cum_volume_500
3000,0.25845821404646524,0.22524773195595155,300,all_features,train,cum_volume_500
3000,0.10501301031079682,0.09547689253109821,10,all_features,train,cum_volume_3000
3000,0.08811945235733556,0.07782457782545202,20,all_features,train,cum_volume_3000
3000,0.08755615272700316,0.07651916336319835,30,all_features,train,cum_volume_3000
3000,0.08646476839871006,0.07470755692968647,40,all_features,train,cum_volume_3000
3000,0.08975736116619322,0.07727118022579757,50,all_features,train,cum_volume_3000
3000,0.09029063706034897,0.07702495881216728,60,all_features,train,cum_volume_3000
3000,0.0962565493012236,0.08234770909259448,70,all_features,train,cum_volume_3000
3000,0.10087037743503216,0.0862887664233678,80,all_features,train,cum_volume_3000
3000,0.10131772289524091,0.08606489778021038,90,all_features,train,cum_volume_3000
3000,0.10681622214535613,0.09080249590686598,100,all_features,train,cum_volume_3000
3000,0.10764783589563051,0.09089977877545381,110,all_features,train,cum_volume_3000
3000,0.11048637259486524,0.09283896005305334,120,all_features,train,cum_volume_3000
3000,0.11519536259272092,0.09677837120839924,130,all_features,train,cum_volume_3000
3000,0.11019423585793428,0.09074793909853904,140,all_features,train,cum_volume_3000
3000,0.11316293215641457,0.09279816624639237,150,all_features,train,cum_volume_3000
3000,0.1071721008392353,0.08558386148128934,160,all_features,train,cum_volume_3000
3000,0.10458574075815275,0.08199871439889898,170,all_features,train,cum_volume_3000
3000,0.10549560954886192,0.08187611766961038,180,all_features,train,cum_volume_3000
3000,0.1115382413288892,0.086704413259498,190,all_features,train,cum_volume_3000
3000,0.11300077604672117,0.0869890708217346,200,all_features,train,cum_volume_3000
3000,0.11167485609138836,0.08450103522892542,210,all_features,train,cum_volume_3000
3000,0.10372397142476111,0.07514113680049381,220,all_features,train,cum_volume_3000
3000,0.1043607305603276,0.074755146597368,230,all_features,train,cum_volume_3000
3000,0.11042956423957122,0.07970929879554292,240,all_features,train,cum_volume_3000
3000,0.10600468133428927,0.07379694582259985,250,all_features,train,cum_volume_3000
3000,0.10824141668075,0.07475866764615562,260,all_features,train,cum_volume_3000
3000,0.1102470922240208,0.07526340461203843,270,all_features,train,cum_volume_3000
3000,0.11360815160016338,0.07734432231914232,280,all_features,train,cum_volume_3000
3000,0.11502295214824569,0.07694771011922315,290,all_features,train,cum_volume_3000
3000,0.1079731237273869,0.06802289568659829,300,all_features,train,cum_volume_3000
3000,0.07852409320673648,0.06870573628135415,10,all_features,train,cum_volume_base
3000,0.06577630469732562,0.05522918286248146,20,all_features,train,cum_volume_base
3000,0.06522315857803258,0.05391602471850443,30,all_features,train,cum_volume_base
3000,0.07283428088684751,0.06090164001246634,40,all_features,train,cum_volume_base
3000,0.0662122714257388,0.05340310893379265,50,all_features,train,cum_volume_base
3000,0.0705387443420676,0.05698504157933877,60,all_features,train,cum_volume_base
3000,0.07396825510657375,0.05971639241491959,70,all_features,train,cum_volume_base
3000,0.082091707785321,0.06720555379170438,80,all_features,train,cum_volume_base
3000,0.08163620816662172,0.06604934134214202,90,all_features,train,cum_volume_base
3000,0.08942855925678166,0.07310309712906889,100,all_features,train,cum_volume_base
3000,0.12442603109634157,0.10799287186160215,110,all_features,train,cum_volume_base
3000,0.12402945497235726,0.10665072899637187,120,all_features,train,cum_volume_base
3000,0.13066355284606995,0.11256863888587047,130,all_features,train,cum_volume_base
3000,0.13679988350997146,0.11793505510880053,140,all_features,train,cum_volume_base
3000,0.16452816598910464,0.1453429188439665,150,all_features,train,cum_volume_base
3000,0.1936847085875735,0.17418831121317976,160,all_features,train,cum_volume_base
3000,0.19487771429508083,0.17456832330432615,170,all_features,train,cum_volume_base
3000,0.1976505451173973,0.1764644127206197,180,all_features,train,cum_volume_base
3000,0.19285563179627008,0.17029473790044086,190,all_features,train,cum_volume_base
3000,0.20266429790371204,0.17928200064762173,200,all_features,train,cum_volume_base
3000,0.20979241757090666,0.1856200079117502,210,all_features,train,cum_volume_base
3000,0.2114832950013911,0.1863369763909571,220,all_features,train,cum_volume_base
3000,0.2116801877394948,0.18562214886732856,230,all_features,train,cum_volume_base
3000,0.21141437802323243,0.18418148085989977,240,all_features,train,cum_volume_base
3000,0.2118949810941892,0.18350217806087327,250,all_features,train,cum_volume_base
3000,0.216877611816198,0.18747365251008583,260,all_features,train,cum_volume_base
3000,0.2217381591280041,0.19113822494315919,270,all_features,train,cum_volume_base
3000,0.22589307108283901,0.1942231369335988,280,all_features,train,cum_volume_base
3000,0.22260403851163799,0.18915723070524654,290,all_features,train,cum_volume_base
3000,0.2314289330816683,0.19700791453970928,300,all_features,train,cum_volume_base
3000,0.05114849961240624,0.009339817610344237,10,all_features,test,cum_volume_500
3000,0.045606235714021226,0.0009585188381537657,20,all_features,test,cum_volume_500
3000,0.0380688420032439,-0.010269463636301079,30,all_features,test,cum_volume_500
3000,0.040839981638839465,-0.010570261475693444,40,all_features,test,cum_volume_500
3000,0.03721688261188547,-0.01793460115130783,50,all_features,test,cum_volume_500
3000,0.029016196697383888,-0.030276832162956558,60,all_features,test,cum_volume_500
3000,0.035271356988435865,-0.027064955329234343,70,all_features,test,cum_volume_500
3000,0.04847282468501013,-0.016488235187770917,80,all_features,test,cum_volume_500
3000,0.06274941473811961,-0.00437866623873695,90,all_features,test,cum_volume_500
3000,0.07292949564187623,0.0025685269227713413,100,all_features,test,cum_volume_500
3000,0.08853935470355445,0.015927160135356687,110,all_features,test,cum_volume_500
3000,0.08296986615861852,0.005474361890332657,120,all_features,test,cum_volume_500
3000,0.12214238500506173,0.04406314954150161,130,all_features,test,cum_volume_500
3000,0.1252188860674763,0.043244914654436875,140,all_features,test,cum_volume_500
3000,0.14498126334738135,0.06048529407818133,150,all_features,test,cum_volume_500
3000,0.1416366928406593,0.051956944331474374,160,all_features,test,cum_volume_500
3000,-0.13015530126605268,-0.2537660373420272,170,all_features,test,cum_volume_500
3000,0.1512766908656606,0.053721701718749036,180,all_features,test,cum_volume_500
3000,0.0975520802462213,-0.012823257850090131,190,all_features,test,cum_volume_500
3000,0.03246548219128949,-0.0922553483843295,200,all_features,test,cum_volume_500
3000,0.0477616843093948,-0.08083641620187662,210,all_features,test,cum_volume_500
3000,0.08334504803118972,-0.046282924974500664,220,all_features,test,cum_volume_500
3000,0.10647669284287749,-0.02498644258909093,230,all_features,test,cum_volume_500
3000,0.010022126396475418,-0.14294030832191745,240,all_features,test,cum_volume_500
3000,0.16692442731770213,0.03194153656839118,250,all_features,test,cum_volume_500
3000,0.09859689698292676,-0.054410776380603675,260,all_features,test,cum_volume_500
3000,0.009090016927653233,-0.168238017717904,270,all_features,test,cum_volume_500
3000,-0.20554536605047513,-0.4312319404012114,280,all_features,test,cum_volume_500
3000,-0.21061789424646013,-0.45062484106146455,290,all_features,test,cum_volume_500
3000,0.1464112447427972,-0.03090488929364159,300,all_features,test,cum_volume_500
3000,0.08303868286683855,0.042635094547699225,10,all_features,test,cum_volume_3000
3000,0.06754283302842598,0.02392132491401051,20,all_features,test,cum_volume_3000
3000,0.05759209073129501,0.01023504439752232,30,all_features,test,cum_volume_3000
3000,0.06285303578540487,0.01262302903072443,40,all_features,test,cum_volume_3000
3000,0.059559561584434983,0.005688271778545717,50,all_features,test,cum_volume_3000
3000,0.05504089708970543,-0.002662587681779116,60,all_features,test,cum_volume_3000
3000,0.0732267732591109,0.013342964762007404,70,all_features,test,cum_volume_3000
3000,0.04486131672149796,-0.02034739745548919,80,all_features,test,cum_volume_3000
3000,0.07121738638108202,0.004695017899866105,90,all_features,test,cum_volume_3000
3000,0.06840034754654711,-0.0023044564704371774,100,all_features,test,cum_volume_3000
3000,0.0800006944630675,0.0067074422962539295,110,all_features,test,cum_volume_3000
3000,0.07143904498028197,-0.007030894880539362,120,all_features,test,cum_volume_3000
3000,0.07584734389195287,-0.006352184850074316,130,all_features,test,cum_volume_3000
3000,0.07023454043170436,-0.016894235011611358,140,all_features,test,cum_volume_3000
3000,0.06875179182010571,-0.023277442870613285,150,all_features,test,cum_volume_3000
3000,0.029272777047644173,-0.07214648505185584,160,all_features,test,cum_volume_3000
3000,-0.08491499502989552,-0.20357757261129036,170,all_features,test,cum_volume_3000
3000,0.052872881231881566,-0.05599087808297214,180,all_features,test,cum_volume_3000
3000,-0.020116461478292224,-0.1448881689829661,190,all_features,test,cum_volume_3000
3000,-0.0368460267043325,-0.17051761357087333,200,all_features,test,cum_volume_3000
3000,-0.022157514622357134,-0.16019807929804522,210,all_features,test,cum_volume_3000
3000,0.023788102348825023,-0.11426206499578559,220,all_features,test,cum_volume_3000
3000,-0.13373131371657343,-0.3005217242795376,230,all_features,test,cum_volume_3000
3000,0.01681238473394231,-0.1351145835074467,240,all_features,test,cum_volume_3000
3000,0.01919545313263271,-0.1397257428564211,250,all_features,test,cum_volume_3000
3000,-0.005509854909112999,-0.17618906833705675,260,all_features,test,cum_volume_3000
3000,-0.06978298482948324,-0.2611798171409835,270,all_features,test,cum_volume_3000
3000,-0.1563887581366547,-0.3727763796144673,280,all_features,test,cum_volume_3000
3000,-0.2150224635933809,-0.45592358992496146,290,all_features,test,cum_volume_3000
3000,-0.3338249767130027,-0.6109777232171194,300,all_features,test,cum_volume_3000
3000,0.05711843661701621,0.015572860807311661,10,all_features,test,cum_volume_base
3000,0.047594379861358574,0.0030397381316814797,20,all_features,test,cum_volume_base
3000,0.04281460218804021,-0.005285256373755365,30,all_features,test,cum_volume_base
3000,0.046410679631670074,-0.004701143073909763,40,all_features,test,cum_volume_base
3000,0.04722189574147102,-0.007356495038011235,50,all_features,test,cum_volume_base
3000,0.039812096122765,-0.018821669256910045,60,all_features,test,cum_volume_base
3000,0.04136848317933077,-0.02057386098446621,70,all_features,test,cum_volume_base
3000,0.04742191969774492,-0.017611148763192253,80,all_features,test,cum_volume_base
3000,0.05926776376758636,-0.008109544711885786,90,all_features,test,cum_volume_base
3000,0.07099726592172935,0.0004896148336706041,100,all_features,test,cum_volume_base
3000,0.09014962719314965,0.017665066676460773,110,all_features,test,cum_volume_base
3000,0.07879978996416889,0.0009518848907182909,120,all_features,test,cum_volume_base
3000,0.1270090786910309,0.049362875377386574,130,all_features,test,cum_volume_base
3000,0.11161808424471549,0.028370419744356123,140,all_features,test,cum_volume_base
3000,0.1236418802910253,0.037037077872726566,150,all_features,test,cum_volume_base
3000,0.1514200970580601,0.06276249525815585,160,all_features,test,cum_volume_base
3000,-0.018919932594930543,-0.13036430022250106,170,all_features,test,cum_volume_base
3000,0.14013086456706497,0.0412953284823286,180,all_features,test,cum_volume_base
3000,0.10328436854861525,-0.006389712101200895,190,all_features,test,cum_volume_base
3000,-0.01127219363229912,-0.14163714875500286,200,all_features,test,cum_volume_base
3000,-0.021568264596120733,-0.15952925209784766,210,all_features,test,cum_volume_base
3000,0.039520416045914206,-0.09630497966476466,220,all_features,test,cum_volume_base
3000,0.04060638774922611,-0.10054045017622752,230,all_features,test,cum_volume_base
3000,-0.007801699990463873,-0.16351957016738125,240,all_features,test,cum_volume_base
3000,0.11645461799781606,-0.026710312721626318,250,all_features,test,cum_volume_base
3000,0.06184301528989851,-0.0974046339266567,260,all_features,test,cum_volume_base
3000,0.012213002304584553,-0.16452788287832965,270,all_features,test,cum_volume_base
3000,-0.29431762643830395,-0.5366475258843252,280,all_features,test,cum_volume_base
3000,-0.15279838985299968,-0.38135853948663817,290,all_features,test,cum_volume_base
3000,0.028325519137030585,-0.17353627328557933,300,all_features,test,cum_volume_base
3000,0.051733265119617886,0.04550380869187374,10,reduced_multicollinearity,train,cum_volume_500
3000,0.04846910119328514,0.04184744991746418,20,reduced_multicollinearity,train,cum_volume_500
3000,0.04811758067998673,0.041022535359456457,30,reduced_multicollinearity,train,cum_volume_500
3000,0.053993325160986316,0.04649311768262874,40,reduced_multicollinearity,train,cum_volume_500
3000,0.053845819462203216,0.045853093083108074,50,reduced_multicollinearity,train,cum_volume_500
3000,0.06106465800186485,0.052635571960391904,60,reduced_multicollinearity,train,cum_volume_500
3000,0.06864479034893878,0.05982321094969376,70,reduced_multicollinearity,train,cum_volume_500
3000,0.07461954092173277,0.06538632938096553,80,reduced_multicollinearity,train,cum_volume_500
3000,0.07812139892480877,0.06849767839187468,90,reduced_multicollinearity,train,cum_volume_500
3000,0.08881654751868637,0.07877212521012263,100,reduced_multicollinearity,train,cum_volume_500
3000,0.11960681696446755,0.1094505353169565,110,reduced_multicollinearity,train,cum_volume_500
3000,0.12455804511362496,0.11388692892654298,120,reduced_multicollinearity,train,cum_volume_500
3000,0.12907054248142885,0.11793668579758862,130,reduced_multicollinearity,train,cum_volume_500
3000,0.1649823706763401,0.15377868927187943,140,reduced_multicollinearity,train,cum_volume_500
3000,0.2040777683954745,0.192861520145221,150,reduced_multicollinearity,train,cum_volume_500
3000,0.202809215002074,0.19098550683895582,160,reduced_multicollinearity,train,cum_volume_500
3000,0.20057677355563905,0.18821210735245447,170,reduced_multicollinearity,train,cum_volume_500
3000,0.2014747208930771,0.1885519395702288,180,reduced_multicollinearity,train,cum_volume_500
3000,0.19499208222679812,0.18120960757337498,190,reduced_multicollinearity,train,cum_volume_500
3000,0.25729322566411855,0.24395918446469328,200,reduced_multicollinearity,train,cum_volume_500
3000,0.26110566974361504,0.2472746743608461,210,reduced_multicollinearity,train,cum_volume_500
3000,0.2651621815679982,0.2508292608784017,220,reduced_multicollinearity,train,cum_volume_500
3000,0.25931895408400385,0.24435113170506764,230,reduced_multicollinearity,train,cum_volume_500
3000,0.2622495790502358,0.24668269552024613,240,reduced_multicollinearity,train,cum_volume_500
3000,0.2619365420190707,0.24569891719679085,250,reduced_multicollinearity,train,cum_volume_500
3000,0.26505076768508884,0.24820892687757565,260,reduced_multicollinearity,train,cum_volume_500
3000,0.2707790275179486,0.2532916638717525,270,reduced_multicollinearity,train,cum_volume_500
3000,0.27232282101336225,0.2541762026043604,280,reduced_multicollinearity,train,cum_volume_500
3000,0.2694435640396235,0.2502995794604905,290,reduced_multicollinearity,train,cum_volume_500
3000,0.2745468525080982,0.2547714639440642,300,reduced_multicollinearity,train,cum_volume_500
3000,0.08138448941976684,0.07534982136046972,10,reduced_multicollinearity,train,cum_volume_3000
3000,0.06741107666700166,0.06092124366783678,20,reduced_multicollinearity,train,cum_volume_3000
3000,0.06517539197794724,0.058207490868391124,30,reduced_multicollinearity,train,cum_volume_3000
3000,0.06359469945510998,0.056170616809571805,40,reduced_multicollinearity,train,cum_volume_3000
3000,0.06722465924200112,0.059344955907699726,50,reduced_multicollinearity,train,cum_volume_3000
3000,0.06761891200235368,0.059248661653609425,60,reduced_multicollinearity,train,cum_volume_3000
3000,0.06780550835660075,0.0589759794740039,70,reduced_multicollinearity,train,cum_volume_3000
3000,0.07231916565096652,0.06306300385034636,80,reduced_multicollinearity,train,cum_volume_3000
3000,0.06948580031000422,0.059771930222648414,90,reduced_multicollinearity,train,cum_volume_3000
3000,0.074496829099473,0.06429454789567324,100,reduced_multicollinearity,train,cum_volume_3000
3000,0.07719877467673467,0.0665532716284217,110,reduced_multicollinearity,train,cum_volume_3000
3000,0.0814695656498289,0.07027322655320231,120,reduced_multicollinearity,train,cum_volume_3000
3000,0.0875933236447379,0.0759291554489639,130,reduced_multicollinearity,train,cum_volume_3000
3000,0.08362913294208525,0.07133391999725738,140,reduced_multicollinearity,train,cum_volume_3000
3000,0.0852924577245567,0.07240227013693526,150,reduced_multicollinearity,train,cum_volume_3000
3000,0.08514160600001688,0.0715726851534683,160,reduced_multicollinearity,train,cum_volume_3000
3000,0.08481157711880456,0.07065637248173666,170,reduced_multicollinearity,train,cum_volume_3000
3000,0.08375532174429541,0.06892751510445987,180,reduced_multicollinearity,train,cum_volume_3000
3000,0.09411347726771697,0.07860378542749798,190,reduced_multicollinearity,train,cum_volume_3000
3000,0.09189030673486256,0.07558672267715424,200,reduced_multicollinearity,train,cum_volume_3000
3000,0.08680155468202082,0.06970784728226018,210,reduced_multicollinearity,train,cum_volume_3000
3000,0.07892271493841119,0.060957216505101816,220,reduced_multicollinearity,train,cum_volume_3000
3000,0.07849300488554864,0.059870891307136145,230,reduced_multicollinearity,train,cum_volume_3000
3000,0.08211107468102677,0.06274317868671372,240,reduced_multicollinearity,train,cum_volume_3000
3000,0.08523530116179363,0.06511014865929521,250,reduced_multicollinearity,train,cum_volume_3000
3000,0.08500454353911144,0.06403692920217645,260,reduced_multicollinearity,train,cum_volume_3000
3000,0.08694121300628391,0.06504537174376719,270,reduced_multicollinearity,train,cum_volume_3000
3000,0.08797588696333765,0.06523218230134911,280,reduced_multicollinearity,train,cum_volume_3000
3000,0.0878269968576328,0.06392407626935928,290,reduced_multicollinearity,train,cum_volume_3000
3000,0.08503384689790891,0.060092355999168776,300,reduced_multicollinearity,train,cum_volume_3000
3000,0.058983340840034114,0.05280151281226313,10,reduced_multicollinearity,train,cum_volume_base
3000,0.050258198405961706,0.043648998615134424,20,reduced_multicollinearity,train,cum_volume_base
3000,0.055086413143180676,0.04804331112188034,30,reduced_multicollinearity,train,cum_volume_base
3000,0.05995345263641476,0.052500497901965315,40,reduced_multicollinearity,train,cum_volume_base
3000,0.06142876990273747,0.053500102209255676,50,reduced_multicollinearity,train,cum_volume_base
3000,0.06996088732927346,0.0616116643371206,60,reduced_multicollinearity,train,cum_volume_base
3000,0.0714867308179771,0.06269206961625302,70,reduced_multicollinearity,train,cum_volume_base
3000,0.07250209079213743,0.06324775222484243,80,reduced_multicollinearity,train,cum_volume_base
3000,0.07494676275563956,0.06528990065049227,90,reduced_multicollinearity,train,cum_volume_base
3000,0.08443761196515906,0.07434491470584606,100,reduced_multicollinearity,train,cum_volume_base
3000,0.11777215538905532,0.10759470049772579,110,reduced_multicollinearity,train,cum_volume_base
3000,0.12096031899568997,0.11024534866933641,120,reduced_multicollinearity,train,cum_volume_base
3000,0.13064297467250036,0.11952924133296979,130,reduced_multicollinearity,train,cum_volume_base
3000,0.1445086973398169,0.1330303220821091,140,reduced_multicollinearity,train,cum_volume_base
3000,0.17658950616593788,0.16498588945066114,150,reduced_multicollinearity,train,cum_volume_base
3000,0.20885709042154393,0.19712308263544015,160,reduced_multicollinearity,train,cum_volume_base
3000,0.20737515131359469,0.19511563550999772,170,reduced_multicollinearity,train,cum_volume_base
3000,0.21079043726334792,0.19801846951087002,180,reduced_multicollinearity,train,cum_volume_base
3000,0.20654421127048517,0.19295944181576666,190,reduced_multicollinearity,train,cum_volume_base
3000,0.21404267919861703,0.1999321429187353,200,reduced_multicollinearity,train,cum_volume_base
3000,0.21908622633105201,0.20446868989088457,210,reduced_multicollinearity,train,cum_volume_base
3000,0.22106116960352296,0.20586806413442432,220,reduced_multicollinearity,train,cum_volume_base
3000,0.2163785868030435,0.20054299859039898,230,reduced_multicollinearity,train,cum_volume_base
3000,0.2177941451015454,0.2012892302166664,240,reduced_multicollinearity,train,cum_volume_base
3000,0.2160503018880214,0.19880316435661094,250,reduced_multicollinearity,train,cum_volume_base
3000,0.2192117489730238,0.20131947811478987,260,reduced_multicollinearity,train,cum_volume_base
3000,0.22530638479069331,0.2067285881346465,270,reduced_multicollinearity,train,cum_volume_base
3000,0.22507034700873801,0.20574540704304792,280,reduced_multicollinearity,train,cum_volume_base
3000,0.22239359439126982,0.20201672689965341,290,reduced_multicollinearity,train,cum_volume_base
3000,0.2279178939852696,0.20687143130779675,300,reduced_multicollinearity,train,cum_volume_base
3000,0.03644045413101902,0.010591619393542273,10,reduced_multicollinearity,test,cum_volume_500
3000,0.03422248186240921,0.006743395242651262,20,reduced_multicollinearity,test,cum_volume_500
3000,0.027361042597026562,-0.0023273120817793426,30,reduced_multicollinearity,test,cum_volume_500
3000,0.035303069304185364,0.003934583131667169,40,reduced_multicollinearity,test,cum_volume_500
3000,0.04000293226943093,0.006687339737509279,50,reduced_multicollinearity,test,cum_volume_500
3000,0.03651667801218239,0.0009230081785878141,60,reduced_multicollinearity,test,cum_volume_500
3000,0.05378458071839356,0.016845240025718345,70,reduced_multicollinearity,test,cum_volume_500
3000,0.05340946160576261,0.014417695845827128,80,reduced_multicollinearity,test,cum_volume_500
3000,0.06902500035337669,0.028843855358870442,90,reduced_multicollinearity,test,cum_volume_500
3000,0.0860155773305856,0.04427963812218758,100,reduced_multicollinearity,test,cum_volume_500
3000,0.11372345577458202,0.07130238758251042,110,reduced_multicollinearity,test,cum_volume_500
3000,0.11684823154686189,0.07208810293130315,120,reduced_multicollinearity,test,cum_volume_500
3000,0.14502203303821537,0.09949055287222386,130,reduced_multicollinearity,test,cum_volume_500
3000,0.17346014842679003,0.12716444858679682,140,reduced_multicollinearity,test,cum_volume_500
3000,0.20033802812019025,0.15319242433589314,150,reduced_multicollinearity,test,cum_volume_500
3000,0.16827494740696894,0.11654085322654115,160,reduced_multicollinearity,test,cum_volume_500
3000,-0.03115686150763266,-0.09818205750562872,170,reduced_multicollinearity,test,cum_volume_500
3000,0.18982445201291326,0.13459319983909704,180,reduced_multicollinearity,test,cum_volume_500
3000,0.1563743822414398,0.09534524780569727,190,reduced_multicollinearity,test,cum_volume_500
3000,0.13547954218509056,0.06972133898802055,200,reduced_multicollinearity,test,cum_volume_500
3000,0.12660305314602455,0.057158647585769565,210,reduced_multicollinearity,test,cum_volume_500
3000,0.13034759043039462,0.058108093149852345,220,reduced_multicollinearity,test,cum_volume_500
3000,0.19126049162796027,0.12150415882626456,230,reduced_multicollinearity,test,cum_volume_500
3000,0.09758881334631817,0.016072023682556023,240,reduced_multicollinearity,test,cum_volume_500
3000,0.10154256157841224,0.016652674383628052,250,reduced_multicollinearity,test,cum_volume_500
3000,0.09982969476159556,0.010995634869689708,260,reduced_multicollinearity,test,cum_volume_500
3000,-0.02750614589506164,-0.13409551249724222,270,reduced_multicollinearity,test,cum_volume_500
3000,-0.30335746952372666,-0.44429456310928134,280,reduced_multicollinearity,test,cum_volume_500
3000,-0.592673566787987,-0.7743891931264166,290,reduced_multicollinearity,test,cum_volume_500
3000,-0.18029639657122237,-0.32097842327307163,300,reduced_multicollinearity,test,cum_volume_500
3000,0.06652453066556718,0.04148275443318914,10,reduced_multicollinearity,test,cum_volume_3000
3000,0.053165686079761,0.02622572436768711,20,reduced_multicollinearity,test,cum_volume_3000
3000,0.04428254182685283,0.015110726931408691,30,reduced_multicollinearity,test,cum_volume_3000
3000,0.0490814622013952,0.018161169022389047,40,reduced_multicollinearity,test,cum_volume_3000
3000,0.038343498375226284,0.004970590504618145,50,reduced_multicollinearity,test,cum_volume_3000
3000,0.04261421678603381,0.007245954820675004,60,reduced_multicollinearity,test,cum_volume_3000
3000,0.04886159976724511,0.011730070629029532,70,reduced_multicollinearity,test,cum_volume_3000
3000,0.0350775764413648,-0.004669184527280356,80,reduced_multicollinearity,test,cum_volume_3000
3000,0.05065624932123056,0.009681927829331971,90,reduced_multicollinearity,test,cum_volume_3000
3000,0.04412792728613597,0.00048006739317230096,100,reduced_multicollinearity,test,cum_volume_3000
3000,0.06015304826090928,0.01516762255310573,110,reduced_multicollinearity,test,cum_volume_3000
3000,0.06011730957589245,0.012481929554397642,120,reduced_multicollinearity,test,cum_volume_3000
3000,0.05997511547362218,0.009911875148024208,130,reduced_multicollinearity,test,cum_volume_3000
3000,0.058441407934274235,0.005703597121000081,140,reduced_multicollinearity,test,cum_volume_3000
3000,0.05964772594030099,0.004207455814332439,150,reduced_multicollinearity,test,cum_volume_3000
3000,-0.0018954061043402026,-0.06421425911561499,160,reduced_multicollinearity,test,cum_volume_3000
3000,-0.13879958158074812,-0.21282155438349673,170,reduced_multicollinearity,test,cum_volume_3000
3000,0.03491991776768495,-0.030870782971488042,180,reduced_multicollinearity,test,cum_volume_3000
3000,-0.0358875094725549,-0.11083237928951717,190,reduced_multicollinearity,test,cum_volume_3000
3000,-0.06787630826075224,-0.14911233538124996,200,reduced_multicollinearity,test,cum_volume_3000
3000,-0.0724045838400531,-0.15767222659186167,210,reduced_multicollinearity,test,cum_volume_3000
3000,-0.004421373121789962,-0.08785573638430284,220,reduced_multicollinearity,test,cum_volume_3000
3000,-0.15258678635233752,-0.2519840299680025,230,reduced_multicollinearity,test,cum_volume_3000
3000,0.0008631149569727992,-0.08939776692457593,240,reduced_multicollinearity,test,cum_volume_3000
3000,0.01979971875141655,-0.07280794117809193,250,reduced_multicollinearity,test,cum_volume_3000
3000,-0.01842114395143284,-0.11893428071872836,260,reduced_multicollinearity,test,cum_volume_3000
3000,-0.08660781107317513,-0.1992814990640671,270,reduced_multicollinearity,test,cum_volume_3000
3000,-0.23337331093280406,-0.36672044469704074,280,reduced_multicollinearity,test,cum_volume_3000
3000,-0.20638691774376108,-0.3440549880511367,290,reduced_multicollinearity,test,cum_volume_3000
3000,-0.3313895538769408,-0.4900814872257261,300,reduced_multicollinearity,test,cum_volume_3000
3000,0.04497707702218608,0.019357283147348837,10,reduced_multicollinearity,test,cum_volume_base
3000,0.03800719440776017,0.01063588714874535,20,reduced_multicollinearity,test,cum_volume_base
3000,0.039857628227473074,0.010550665339138,30,reduced_multicollinearity,test,cum_volume_base
3000,0.04207473045055048,0.010926340196303452,40,reduced_multicollinearity,test,cum_volume_base
3000,0.05311328674712321,0.02025278887636899,50,reduced_multicollinearity,test,cum_volume_base
3000,0.04440405383258661,0.009101728062572057,60,reduced_multicollinearity,test,cum_volume_base
3000,0.057620827965886676,0.020831250679269765,70,reduced_multicollinearity,test,cum_volume_base
3000,0.04756435422905112,0.008331854089676006,80,reduced_multicollinearity,test,cum_volume_base
3000,0.06418947324297805,0.02379961060996738,90,reduced_multicollinearity,test,cum_volume_base
3000,0.07911199416212097,0.03706089220857243,100,reduced_multicollinearity,test,cum_volume_base
3000,0.11240631653313478,0.0699213517305312,110,reduced_multicollinearity,test,cum_volume_base
3000,0.1052628443135361,0.05991554207601542,120,reduced_multicollinearity,test,cum_volume_base
3000,0.1418143744617477,0.09611209376163557,130,reduced_multicollinearity,test,cum_volume_base
3000,0.1449977627060117,0.09710885774090053,140,reduced_multicollinearity,test,cum_volume_base
3000,0.16479409995274194,0.11555293577762024,150,reduced_multicollinearity,test,cum_volume_base
3000,0.18095094755425806,0.13000531271313534,160,reduced_multicollinearity,test,cum_volume_base
3000,0.048533219991672684,-0.013312120708868513,170,reduced_multicollinearity,test,cum_volume_base
3000,0.16949042029665495,0.11287460825009141,180,reduced_multicollinearity,test,cum_volume_base
3000,0.14642510301115333,0.08467503919349725,190,reduced_multicollinearity,test,cum_volume_base
3000,0.07450474111758668,0.004106066126073204,200,reduced_multicollinearity,test,cum_volume_base
3000,0.03398912639088871,-0.04281907762696113,210,reduced_multicollinearity,test,cum_volume_base
3000,0.06925024327669509,-0.008064433000640104,220,reduced_multicollinearity,test,cum_volume_base
3000,0.12056787548385683,0.04471730268746876,230,reduced_multicollinearity,test,cum_volume_base
3000,0.06337265409119859,-0.021236083197345313,240,reduced_multicollinearity,test,cum_volume_base
3000,0.010480664196583379,-0.08301538931728689,250,reduced_multicollinearity,test,cum_volume_base
3000,0.04056393475542539,-0.0541184233288932,260,reduced_multicollinearity,test,cum_volume_base
3000,-0.04644460323734727,-0.1549811963584723,270,reduced_multicollinearity,test,cum_volume_base
3000,-0.4112832437071131,-0.5639102373434414,280,reduced_multicollinearity,test,cum_volume_base
3000,-0.48270543834795154,-0.6518839280360553,290,reduced_multicollinearity,test,cum_volume_base
3000,-0.4212227634349543,-0.5906334046632125,300,reduced_multicollinearity,test,cum_volume_base
3000,0.05088608586103469,0.045856460931663914,10,step-wise,train,cum_volume_500
3000,0.046877160494518934,0.04152711562443075,20,step-wise,train,cum_volume_500
3000,0.04669913333362745,0.040968195196514935,30,step-wise,train,cum_volume_500
3000,0.05247760055641504,0.04641927143091527,40,step-wise,train,cum_volume_500
3000,0.05342370150644586,0.046975632898735964,50,step-wise,train,cum_volume_500
3000,0.060473956281345595,0.05367330577269813,60,step-wise,train,cum_volume_500
3000,0.06849364059056917,0.06138031930053349,70,step-wise,train,cum_volume_500
3000,0.0744372645110877,0.06699248662266233,80,step-wise,train,cum_volume_500
3000,0.07788537191120486,0.07012595408348114,90,step-wise,train,cum_volume_500
3000,0.08841398762570063,0.08031477045616371,100,step-wise,train,cum_volume_500
3000,0.11939488597359016,0.11120792327743567,110,step-wise,train,cum_volume_500
3000,0.12404870733762177,0.11544488266694364,120,step-wise,train,cum_volume_500
3000,0.12866067461817599,0.11968577611423847,130,step-wise,train,cum_volume_500
3000,0.16427521142705134,0.15524172966730035,140,step-wise,train,cum_volume_500
3000,0.20307888807065116,0.1940327565298314,150,step-wise,train,cum_volume_500
3000,0.20155259412865853,0.1920148264817312,160,step-wise,train,cum_volume_500
3000,0.19939206210991162,0.18942007711839812,170,step-wise,train,cum_volume_500
3000,0.2003393119178285,0.1899192687848738,180,step-wise,train,cum_volume_500
3000,0.19363384196281297,0.18251965095420694,190,step-wise,train,cum_volume_500
3000,0.2550644781404275,0.24429952337224123,200,step-wise,train,cum_volume_500
3000,0.2592638094303693,0.24810494285794302,210,step-wise,train,cum_volume_500
3000,0.2634518715702927,0.2518916991509924,220,step-wise,train,cum_volume_500
3000,0.2569841138163964,0.24490355433397198,230,step-wise,train,cum_volume_500
3000,0.2603798047324603,0.24782563388115758,240,step-wise,train,cum_volume_500
3000,0.26061794753531226,0.2475348633671132,250,step-wise,train,cum_volume_500
3000,0.26271567181439875,0.24912929280995214,260,step-wise,train,cum_volume_500
3000,0.2682641705066877,0.25415610771950237,270,step-wise,train,cum_volume_500
3000,0.2695312409292532,0.25488836093508926,280,step-wise,train,cum_volume_500
3000,0.2670171721704772,0.25158116342667564,290,step-wise,train,cum_volume_500
3000,0.27139329823971076,0.25543508952182903,300,step-wise,train,cum_volume_500
3000,0.07696358881865406,0.07324147930846717,10,step-wise,train,cum_volume_3000
3000,0.06396263783133753,0.05996482706555013,20,step-wise,train,cum_volume_3000
3000,0.06357467740120695,0.05929167454131461,30,step-wise,train,cum_volume_3000
3000,0.06207031896741708,0.05750812686213171,40,step-wise,train,cum_volume_3000
3000,0.06544460643273722,0.060602038359997,50,step-wise,train,cum_volume_3000
3000,0.06546439362565615,0.060319333103432314,60,step-wise,train,cum_volume_3000
3000,0.06594188476793003,0.06051722783736273,70,step-wise,train,cum_volume_3000
3000,0.06956009064979547,0.06386889027416935,80,step-wise,train,cum_volume_3000
3000,0.06716866648300719,0.061199979937066294,90,step-wise,train,cum_volume_3000
3000,0.07127628124496906,0.06500270606445244,100,step-wise,train,cum_volume_3000
3000,0.07371309188777728,0.06716631483568655,110,step-wise,train,cum_volume_3000
3000,0.07853146383754181,0.07165162409017863,120,step-wise,train,cum_volume_3000
3000,0.08209673346585653,0.07491087348388581,130,step-wise,train,cum_volume_3000
3000,0.07679773519053812,0.0692141800258339,140,step-wise,train,cum_volume_3000
3000,0.07821341098967596,0.07026269108446555,150,step-wise,train,cum_volume_3000
3000,0.07734950229497259,0.06897604343888605,160,step-wise,train,cum_volume_3000
3000,0.07639022176504698,0.06765115822172403,170,step-wise,train,cum_volume_3000
3000,0.0763759883265609,0.0672345936913759,180,step-wise,train,cum_volume_3000
3000,0.08639351957420346,0.0768307236680559,190,step-wise,train,cum_volume_3000
3000,0.08481895317841319,0.07477719442472257,200,step-wise,train,cum_volume_3000
3000,0.08035187728339463,0.06983410032594953,210,step-wise,train,cum_volume_3000
3000,0.07217292016652514,0.061119135149893936,220,step-wise,train,cum_volume_3000
3000,0.07129942883468218,0.059839280486604654,230,step-wise,train,cum_volume_3000
3000,0.0746170076950707,0.06269772431519316,240,step-wise,train,cum_volume_3000
3000,0.07894193519746087,0.06657664899687006,250,step-wise,train,cum_volume_3000
3000,0.07857157679208235,0.06569122899204005,260,step-wise,train,cum_volume_3000
3000,0.07976165742333623,0.06630544969437138,270,step-wise,train,cum_volume_3000
3000,0.08016864887849248,0.06618681287326386,280,step-wise,train,cum_volume_3000
3000,0.07902711189196113,0.06432390812106656,290,step-wise,train,cum_volume_3000
3000,0.07667256024921616,0.06134439747862008,300,step-wise,train,cum_volume_3000
3000,0.05799733007065777,0.05300538987770964,10,step-wise,train,cum_volume_base
3000,0.04876626221451008,0.04342682212328426,20,step-wise,train,cum_volume_base
3000,0.053863469527170936,0.04817560086079764,30,step-wise,train,cum_volume_base
3000,0.058180423925133916,0.05215855728859997,40,step-wise,train,cum_volume_base
3000,0.06065716743276286,0.05425837388368535,50,step-wise,train,cum_volume_base
3000,0.06909826261760865,0.062360037463717856,60,step-wise,train,cum_volume_base
3000,0.0709103310750681,0.0638154645123686,70,step-wise,train,cum_volume_base
3000,0.07197159831574532,0.06450698803363183,80,step-wise,train,cum_volume_base
3000,0.07440056345354969,0.06661182085035033,90,step-wise,train,cum_volume_base
3000,0.08369945757632291,0.07555835002345561,100,step-wise,train,cum_volume_base
3000,0.11704065468284627,0.10883179804162439,110,step-wise,train,cum_volume_base
3000,0.12000720503935416,0.11136368366696248,120,step-wise,train,cum_volume_base
3000,0.12970914671985945,0.12074506413599613,130,step-wise,train,cum_volume_base
3000,0.1435197896751031,0.134261965264037,140,step-wise,train,cum_volume_base
3000,0.1752682613877889,0.16590644165219076,150,step-wise,train,cum_volume_base
3000,0.20711748256385443,0.19764618969345676,160,step-wise,train,cum_volume_base
3000,0.20602387495726449,0.1961344926168746,170,step-wise,train,cum_volume_base
3000,0.2092447461790507,0.19894078990284533,180,step-wise,train,cum_volume_base
3000,0.20454235229258302,0.19357845412586588,190,step-wise,train,cum_volume_base
3000,0.21180040169601339,0.2004102399780971,200,step-wise,train,cum_volume_base
3000,0.21719019243125331,0.20539750522971553,210,step-wise,train,cum_volume_base
3000,0.21933776707455613,0.20708522081787878,220,step-wise,train,cum_volume_base
3000,0.2143363938313631,0.20156242034922495,230,step-wise,train,cum_volume_base
3000,0.21585459919087163,0.2025446629667825,240,step-wise,train,cum_volume_base
3000,0.21446982978177723,0.20057017082935405,250,step-wise,train,cum_volume_base
3000,0.21636939065471017,0.20192896019622614,260,step-wise,train,cum_volume_base
3000,0.22264146834833953,0.2076538209963604,270,step-wise,train,cum_volume_base
3000,0.22246741692713484,0.20688113866033908,280,step-wise,train,cum_volume_base
3000,0.2203340764840421,0.2039149962395629,290,step-wise,train,cum_volume_base
3000,0.2246387460609851,0.20765650571041938,300,step-wise,train,cum_volume_base
3000,0.03860094133371554,0.01787677881926575,10,step-wise,test,cum_volume_500
3000,0.03560997145624354,0.013567813076146452,20,step-wise,test,cum_volume_500
3000,0.029226751379745196,0.005433358082630435,30,step-wise,test,cum_volume_500
3000,0.03800573208547438,0.01289760687331296,40,step-wise,test,cum_volume_500
3000,0.04067010419148807,0.013958329886603416,50,step-wise,test,cum_volume_500
3000,0.0387322995550047,0.010252001845551417,60,step-wise,test,cum_volume_500
3000,0.05413273904241853,0.024530335942404856,70,step-wise,test,cum_volume_500
3000,0.055190983704784216,0.024003908655430096,80,step-wise,test,cum_volume_500
3000,0.0704523603398484,0.03831483134976186,90,step-wise,test,cum_volume_500
3000,0.08909137137385836,0.05578753751464758,100,step-wise,test,cum_volume_500
3000,0.11609010294833681,0.08223010917561144,110,step-wise,test,cum_volume_500
3000,0.12004858451841612,0.0843748784853789,120,step-wise,test,cum_volume_500
3000,0.14716041756213002,0.11084887492187674,130,step-wise,test,cum_volume_500
3000,0.17577565574419549,0.13888517543730697,140,step-wise,test,cum_volume_500
3000,0.20390629592321688,0.16642206322005,150,step-wise,test,cum_volume_500
3000,0.17498218846397684,0.1340238573948126,160,step-wise,test,cum_volume_500
3000,-0.016945433237306195,-0.06967593718294425,170,step-wise,test,cum_volume_500
3000,0.19421418497782775,0.15042001359716137,180,step-wise,test,cum_volume_500
3000,0.1620302768951307,0.11373960093379296,190,step-wise,test,cum_volume_500
3000,0.14409363801814853,0.0922685108341498,200,step-wise,test,cum_volume_500
3000,0.1364758816182295,0.0818553801543224,210,step-wise,test,cum_volume_500
3000,0.135448976998124,0.07835598491309434,220,step-wise,test,cum_volume_500
3000,0.20420738517343234,0.14967249013361833,230,step-wise,test,cum_volume_500
3000,0.1094213193044707,0.04555433720181266,240,step-wise,test,cum_volume_500
3000,0.10712361112486038,0.04020072486361319,250,step-wise,test,cum_volume_500
3000,0.10269712492439804,0.032507631312259574,260,step-wise,test,cum_volume_500
3000,0.017423134491382018,-0.0633004846264871,270,step-wise,test,cum_volume_500
3000,-0.05783916319476397,-0.1483051978075011,280,step-wise,test,cum_volume_500
3000,-0.601573964768608,-0.745994922107538,290,step-wise,test,cum_volume_500
3000,-0.1738511341226159,-0.28432697354590575,300,step-wise,test,cum_volume_500
3000,0.06744723568135494,0.05220937494792175,10,step-wise,test,cum_volume_3000
3000,0.055941794024748547,0.039590905786033546,20,step-wise,test,cum_volume_3000
3000,0.049301848261606905,0.03165146342371674,30,step-wise,test,cum_volume_3000
3000,0.0524526211569704,0.03372638898629989,40,step-wise,test,cum_volume_3000
3000,0.040048980648337264,0.01981823852468285,50,step-wise,test,cum_volume_3000
3000,0.05012821044140461,0.02883651546453512,60,step-wise,test,cum_volume_3000
3000,0.05559664048907844,0.033243898252133655,70,step-wise,test,cum_volume_3000
3000,0.03851699355656031,0.014524672431307417,80,step-wise,test,cum_volume_3000
3000,0.057167600028640166,0.03253456778542254,90,step-wise,test,cum_volume_3000
3000,0.05117442127760334,0.0249724194366018,100,step-wise,test,cum_volume_3000
3000,0.06359067470502797,0.03650714372333208,110,step-wise,test,cum_volume_3000
3000,0.06325324038022621,0.03459559572646642,120,step-wise,test,cum_volume_3000
3000,0.06691479943725968,0.03694790123755356,130,step-wise,test,cum_volume_3000
3000,0.05782236996297703,0.026031867581920044,140,step-wise,test,cum_volume_3000
3000,0.060079809290958575,0.026734525363365135,150,step-wise,test,cum_volume_3000
3000,-0.03988594441848705,-0.07876018533132771,160,step-wise,test,cum_volume_3000
3000,-0.09462800447595683,-0.1373451948945308,170,step-wise,test,cum_volume_3000
3000,0.030028174661049477,-0.009624296141744315,180,step-wise,test,cum_volume_3000
3000,-0.0021200284568710036,-0.045527548695684004,190,step-wise,test,cum_volume_3000
3000,-0.03704722425494291,-0.08420958746668716,200,step-wise,test,cum_volume_3000
3000,0.005549220414616141,-0.04166505992178193,210,step-wise,test,cum_volume_3000
3000,0.016520503659158425,-0.03219674693357668,220,step-wise,test,cum_volume_3000
3000,-0.08759440918553194,-0.14346431862607636,230,step-wise,test,cum_volume_3000
3000,0.04072689868133152,-0.010812673727373868,240,step-wise,test,cum_volume_3000
3000,0.039889858659751545,-0.013974962258078016,250,step-wise,test,cum_volume_3000
3000,0.022267668289642772,-0.034947788937573575,260,step-wise,test,cum_volume_3000
3000,-0.05870857621835324,-0.12367169493183117,270,step-wise,test,cum_volume_3000
3000,-0.07691357830244192,-0.1457127202862166,280,step-wise,test,cum_volume_3000
3000,-0.11826837419806105,-0.19349868634296524,290,step-wise,test,cum_volume_3000
3000,-0.17715646990547326,-0.25970915359379065,300,step-wise,test,cum_volume_3000
3000,0.04553557729787179,0.02496091643895426,10,step-wise,test,cum_volume_base
3000,0.0388200372343616,0.016851316618070933,20,step-wise,test,cum_volume_base
3000,0.04102848685848026,0.017524315203974062,30,step-wise,test,cum_volume_base
3000,0.04371003507285347,0.018750732919422686,40,step-wise,test,cum_volume_base
3000,0.052883778733703715,0.02651217129201431,50,step-wise,test,cum_volume_base
3000,0.0464965906850634,0.018246304811755952,60,step-wise,test,cum_volume_base
3000,0.057522000216762015,0.028025669374067586,70,step-wise,test,cum_volume_base
3000,0.04837906643783783,0.016967152447889933,80,step-wise,test,cum_volume_base
3000,0.06544068201264137,0.03312985006210558,90,step-wise,test,cum_volume_base
3000,0.08283115196743221,0.049298511254939184,100,step-wise,test,cum_volume_base
3000,0.1141931582808567,0.08025982154056581,110,step-wise,test,cum_volume_base
3000,0.1082196320157008,0.07206637385417514,120,step-wise,test,cum_volume_base
3000,0.14209428186485557,0.10556701766920258,130,step-wise,test,cum_volume_base
3000,0.14685098939987934,0.10866667843069237,140,step-wise,test,cum_volume_base
3000,0.16815870138576994,0.12899128598016718,150,step-wise,test,cum_volume_base
3000,0.18777968151880192,0.14745668698427436,160,step-wise,test,cum_volume_base
3000,0.05631123623689516,0.007379226263993455,170,step-wise,test,cum_volume_base
3000,0.1753769022236949,0.13056033573511341,180,step-wise,test,cum_volume_base
3000,0.1602653381744837,0.11187192339357269,190,step-wise,test,cum_volume_base
3000,0.0877121428375085,0.03247101357273865,200,step-wise,test,cum_volume_base
3000,0.05002386179365692,-0.010064990321804412,210,step-wise,test,cum_volume_base
3000,0.07724656678324815,0.016310019306670108,220,step-wise,test,cum_volume_base
3000,0.13382516451881274,0.07446937865588418,230,step-wise,test,cum_volume_base
3000,0.07863375072097471,0.012557587221265432,240,step-wise,test,cum_volume_base
3000,0.020917034466065142,-0.05246888659076756,250,step-wise,test,cum_volume_base
3000,0.053086798861127125,-0.02098457159443636,260,step-wise,test,cum_volume_base
3000,0.010086838991050428,-0.07122475335578864,270,step-wise,test,cum_volume_base
3000,-0.07870218384911679,-0.17095735533083883,280,step-wise,test,cum_volume_base
3000,-0.47908134665421065,-0.6124648409793668,290,step-wise,test,cum_volume_base
3000,-0.41988625847855066,-0.5535267601712139,300,step-wise,test,cum_volume_base
500,0.09603093688365241,0.08113151985527974,10,all_features,train,cum_volume_500
500,0.09491564228213967,0.07918806966147351,20,all_features,train,cum_volume_500
500,0.09452401717423546,0.07781047849645548,30,all_features,train,cum_volume_500
500,0.08505803079976064,0.06726915535799197,40,all_features,train,cum_volume_500
500,0.07196339260229848,0.05306610597558396,50,all_features,train,cum_volume_500
500,0.08802293985297953,0.06874226733453148,60,all_features,train,cum_volume_500
500,0.07482666174981194,0.05448887715194697,70,all_features,train,cum_volume_500
500,0.07478370712455033,0.05360245828422561,80,all_features,train,cum_volume_500
500,0.09379491446625585,0.07232812733009271,90,all_features,train,cum_volume_500
500,0.11527552515251527,0.09343047639084887,100,all_features,train,cum_volume_500
500,0.11121143863528227,0.08845254945942076,110,all_features,train,cum_volume_500
500,0.12327661006675347,0.10002136555899428,120,all_features,train,cum_volume_500
500,0.20080248327841269,0.17889528826855527,130,all_features,train,cum_volume_500
500,0.2380032262999973,0.2163350715976275,140,all_features,train,cum_volume_500
500,0.24853624859284035,0.22627530884329844,150,all_features,train,cum_volume_500
500,0.2602271902248229,0.2376501521534669,160,all_features,train,cum_volume_500
500,0.2643559750969544,0.24128810101070433,170,all_features,train,cum_volume_500
500,0.2615878786120038,0.23780834610672122,180,all_features,train,cum_volume_500
500,0.2617786077641554,0.23736114228866914,190,all_features,train,cum_volume_500
500,0.26449529926841236,0.23926156129012127,200,all_features,train,cum_volume_500
500,0.268673619291344,0.24270057627118452,210,all_features,train,cum_volume_500
500,0.2716545309716835,0.2450309368035466,220,all_features,train,cum_volume_500
500,0.2712244455576166,0.2438219627585297,230,all_features,train,cum_volume_500
500,0.2759165815755276,0.24772129882061328,240,all_features,train,cum_volume_500
500,0.26948498957014405,0.24028100010394954,250,all_features,train,cum_volume_500
500,0.2724294821104142,0.24235862502331354,260,all_features,train,cum_volume_500
500,0.26993113124445134,0.23915112161973218,270,all_features,train,cum_volume_500
500,0.2637753146494214,0.23202198815149658,280,all_features,train,cum_volume_500
500,0.2621823976641673,0.22955625622025852,290,all_features,train,cum_volume_500
500,0.2667693245756516,0.2334189474332753,300,all_features,train,cum_volume_500
500,0.06294575371784597,0.04750101688292574,10,all_features,train,cum_volume_3000
500,0.09520990587330183,0.07948744664561407,20,all_features,train,cum_volume_3000
500,0.10414997924362972,0.08761411378945014,30,all_features,train,cum_volume_3000
500,0.10212589681131705,0.0846688402969191,40,all_features,train,cum_volume_3000
500,0.10848563797900068,0.09033203013121012,50,all_features,train,cum_volume_3000
500,0.11428023916913259,0.09555466745287955,60,all_features,train,cum_volume_3000
500,0.12123975680169452,0.10192228382119724,70,all_features,train,cum_volume_3000
500,0.12465650801334857,0.10461701249351163,80,all_features,train,cum_volume_3000
500,0.13471012739809102,0.11421256696420487,90,all_features,train,cum_volume_3000
500,0.14280187867043356,0.12163649295859233,100,all_features,train,cum_volume_3000
500,0.14302726267208285,0.1210830754681081,110,all_features,train,cum_volume_3000
500,0.1505131650031934,0.1279803416032927,120,all_features,train,cum_volume_3000
500,0.14720779144368737,0.1238313869502973,130,all_features,train,cum_volume_3000
500,0.14508048837968018,0.12076998094023975,140,all_features,train,cum_volume_3000
500,0.1412454423268047,0.11580626365398299,150,all_features,train,cum_volume_3000
500,0.13811727485468936,0.11181360889599354,160,all_features,train,cum_volume_3000
500,0.13429619835659806,0.10715001610494423,170,all_features,train,cum_volume_3000
500,0.13496030184694435,0.1071028515150951,180,all_features,train,cum_volume_3000
500,0.13291874555815814,0.10423911977427872,190,all_features,train,cum_volume_3000
500,0.13512287541279402,0.10545052789215688,200,all_features,train,cum_volume_3000
500,0.12701178094524584,0.09600761340318317,210,all_features,train,cum_volume_3000
500,0.12955533506360842,0.09773751441319205,220,all_features,train,cum_volume_3000
500,0.12649910678134138,0.09365484759138291,230,all_features,train,cum_volume_3000
500,0.13330240722250464,0.0995537749262035,240,all_features,train,cum_volume_3000
500,0.14193554610799736,0.10763276542469,250,all_features,train,cum_volume_3000
500,0.14714156929780675,0.11189256546216357,260,all_features,train,cum_volume_3000
500,0.14449574131174203,0.10842745132644274,270,all_features,train,cum_volume_3000
500,0.1462506006460746,0.10942849831422166,280,all_features,train,cum_volume_3000
500,0.1512141110074668,0.11368094035804391,290,all_features,train,cum_volume_3000
500,0.15464908179390185,0.11619898313397126,300,all_features,train,cum_volume_3000
500,0.09492543414401425,0.08000779624300254,10,all_features,train,cum_volume_base
500,0.09775766215858168,0.08207947507155666,20,all_features,train,cum_volume_base
500,0.09322673178876464,0.0764892469927605,30,all_features,train,cum_volume_base
500,0.0839846334737299,0.0661748859940016,40,all_features,train,cum_volume_base
500,0.07241406430900872,0.053525948249680246,50,all_features,train,cum_volume_base
500,0.08316652114138931,0.0637831715534446,60,all_features,train,cum_volume_base
500,0.07763236276821076,0.05735625583347168,70,all_features,train,cum_volume_base
500,0.079830873937872,0.05876516655416279,80,all_features,train,cum_volume_base
500,0.09615765135318269,0.07474683429555924,90,all_features,train,cum_volume_base
500,0.11285855118251482,0.0909538240512188,100,all_features,train,cum_volume_base
500,0.10857831582629462,0.08575200009636319,110,all_features,train,cum_volume_base
500,0.11923641957353157,0.09587401164617089,120,all_features,train,cum_volume_base
500,0.18830126674037992,0.16605139307253272,130,all_features,train,cum_volume_base
500,0.2213595005630959,0.1992180645601507,140,all_features,train,cum_volume_base
500,0.23395472526423217,0.21126183093586173,150,all_features,train,cum_volume_base
500,0.24424680072480384,0.2211820771377988,160,all_features,train,cum_volume_base
500,0.24756582774944183,0.2239714588512803,170,all_features,train,cum_volume_base
500,0.24612029420355858,0.2218426355409444,180,all_features,train,cum_volume_base
500,0.2457764426128528,0.22082969201526487,190,all_features,train,cum_volume_base
500,0.24983037214334117,0.224093511607712,200,all_features,train,cum_volume_base
500,0.25289879634570267,0.22636547867821485,210,all_features,train,cum_volume_base
500,0.2555262838264589,0.2283131453762512,220,all_features,train,cum_volume_base
500,0.25217878063259586,0.22406016719174454,230,all_features,train,cum_volume_base
500,0.2567627584131677,0.22782166820089184,240,all_features,train,cum_volume_base
500,0.24915339144446938,0.2191366127911926,250,all_features,train,cum_volume_base
500,0.2544426479983734,0.2236284532046998,260,all_features,train,cum_volume_base
500,0.25039595076242,0.21879235131537467,270,all_features,train,cum_volume_base
500,0.24525850217088419,0.2127065342191309,280,all_features,train,cum_volume_base
500,0.24411366476099294,0.21068852269741373,290,all_features,train,cum_volume_base
500,0.24887298218478343,0.2147085649645442,300,all_features,train,cum_volume_base
500,0.06418112943913246,-0.0008062706344664994,10,all_features,test,cum_volume_500
500,0.06293455243395467,-0.005870952457258305,20,all_features,test,cum_volume_500
500,0.06473980680583132,-0.008463341181200535,30,all_features,test,cum_volume_500
500,0.03933912117258433,-0.04011580001785457,40,all_features,test,cum_volume_500
500,0.03541250064552912,-0.04839549579642939,50,all_features,test,cum_volume_500
500,0.04500097685267281,-0.0413668856596832,60,all_features,test,cum_volume_500
500,0.04527870449914584,-0.04475154389947107,70,all_features,test,cum_volume_500
500,0.03573612819534564,-0.05924380978701125,80,all_features,test,cum_volume_500
500,-0.0013212853859838392,-0.10364608827214283,90,all_features,test,cum_volume_500
500,-0.12951419119190272,-0.25022563147195326,100,all_features,test,cum_volume_500
500,0.020518853331627618,-0.08836657550483973,110,all_features,test,cum_volume_500
500,0.052522019848554355,-0.056915601133277094,120,all_features,test,cum_volume_500
500,-0.29416131174459625,-0.44907086505590305,130,all_features,test,cum_volume_500
500,0.1880796856328895,0.0868908037236353,140,all_features,test,cum_volume_500
500,-0.08786228461271539,-0.22968494416994018,150,all_features,test,cum_volume_500
500,0.20072173053265852,0.09305351440367657,160,all_features,test,cum_volume_500
500,0.1699067584676515,0.054692324439235065,170,all_features,test,cum_volume_500
500,-3.7185431688292967,-4.392694973508955,180,all_features,test,cum_volume_500
500,-0.03644263093134401,-0.1891003640976747,190,all_features,test,cum_volume_500
500,0.10460336631477125,-0.03273486763268398,200,all_features,test,cum_volume_500
500,-0.11225968883058371,-0.2896942590490738,210,all_features,test,cum_volume_500
500,-0.00593561922559902,-0.17161913298040363,220,all_features,test,cum_volume_500
500,0.022941487848781406,-0.14319801624170925,230,all_features,test,cum_volume_500
500,-0.14361161036397535,-0.3458654969318075,240,all_features,test,cum_volume_500
500,-2.225109416116523,-2.81351062372106,250,all_features,test,cum_volume_500
500,-0.8629514413362003,-1.215537618872676,260,all_features,test,cum_volume_500
500,-0.24703018937671856,-0.48854376654541143,270,all_features,test,cum_volume_500
500,0.18351739094642466,0.02116191633744442,280,all_features,test,cum_volume_500
500,-0.04401480314906436,-0.25774663903530176,290,all_features,test,cum_volume_500
500,-1.8834105949225237,-2.4944743260762268,300,all_features,test,cum_volume_500
500,0.03313245306356789,-0.03401126669971064,10,all_features,test,cum_volume_3000
500,0.06830263450312339,-0.00010871051587795222,20,all_features,test,cum_volume_3000
500,0.07451699089337069,0.00207858902102922,30,all_features,test,cum_volume_3000
500,0.07278634982068907,-0.0039042010348860233,40,all_features,test,cum_volume_3000
500,0.06643344533087306,-0.014679816347188335,50,all_features,test,cum_volume_3000
500,0.0712663441217161,-0.012727650460629004,60,all_features,test,cum_volume_3000
500,0.0674130738923531,-0.020529327187578716,70,all_features,test,cum_volume_3000
500,0.08811333402313945,-0.0017082215349638386,80,all_features,test,cum_volume_3000
500,-0.07195888883011244,-0.18150213294413867,90,all_features,test,cum_volume_3000
500,-0.08946730974108615,-0.2058989306294464,100,all_features,test,cum_volume_3000
500,-0.2086298159459175,-0.3429745289291989,110,all_features,test,cum_volume_3000
500,-0.1275894302860318,-0.2578117356690851,120,all_features,test,cum_volume_3000
500,-0.24465633540413653,-0.39365432186428045,130,all_features,test,cum_volume_3000
500,-0.3579781648653156,-0.5272217343737526,140,all_features,test,cum_volume_3000
500,-0.30288504295532104,-0.4726074684720009,150,all_features,test,cum_volume_3000
500,0.02069699133984946,-0.11121279264251363,160,all_features,test,cum_volume_3000
500,-0.28637614387491517,-0.46486345807949386,170,all_features,test,cum_volume_3000
500,-0.6730724666966298,-0.9125237820637097,180,all_features,test,cum_volume_3000
500,-0.028238725821688404,-0.17967113876591173,190,all_features,test,cum_volume_3000
500,0.044124047782815576,-0.10250670681310456,200,all_features,test,cum_volume_3000
500,0.03501640545107439,-0.11886039819617697,210,all_features,test,cum_volume_3000
500,-0.4228653392309134,-0.6572196303983582,220,all_features,test,cum_volume_3000
500,-0.4009325372217418,-0.6391477864659248,230,all_features,test,cum_volume_3000
500,-0.38317532533952614,-0.6280068108422772,240,all_features,test,cum_volume_3000
500,-1.2951431083924874,-1.7128736038325563,250,all_features,test,cum_volume_3000
500,-1.1126330842386436,-1.5124779292635322,260,all_features,test,cum_volume_3000
500,-0.43280669018238704,-0.7102945021412426,270,all_features,test,cum_volume_3000
500,-0.5034790071027089,-0.8025451160933196,280,all_features,test,cum_volume_3000
500,-0.06345485953437643,-0.28114864745366297,290,all_features,test,cum_volume_3000
500,-1.7567850048768316,-2.340444263477317,300,all_features,test,cum_volume_3000
500,0.06321379226907435,-0.0018407712744647586,10,all_features,test,cum_volume_base
500,0.06225184467189273,-0.006603789110940217,20,all_features,test,cum_volume_base
500,0.06645297907591016,-0.006615932940642622,30,all_features,test,cum_volume_base
500,0.04551716608868563,-0.03342672181266171,40,all_features,test,cum_volume_base
500,0.0401744152620999,-0.04322006392015125,50,all_features,test,cum_volume_base
500,0.05580004884944887,-0.029591540966650887,60,all_features,test,cum_volume_base
500,0.04537760178491881,-0.0446431370208904,70,all_features,test,cum_volume_base
500,0.04375701778868983,-0.050432901318540634,80,all_features,test,cum_volume_base
500,-0.04539198555749,-0.15222036364365693,90,all_features,test,cum_volume_base
500,-0.22153175066497016,-0.352077128598631,100,all_features,test,cum_volume_base
500,0.015807971514459895,-0.09360110139480815,110,all_features,test,cum_volume_base
500,0.06458520891291449,-0.04346072240617038,120,all_features,test,cum_volume_base
500,-0.37554371011775817,-0.5401922554407594,130,all_features,test,cum_volume_base
500,0.15959990425946344,0.05486161339565765,140,all_features,test,cum_volume_base
500,-0.10480898388061315,-0.24885150507968978,150,all_features,test,cum_volume_base
500,0.16323041682228132,0.050516095047563915,160,all_features,test,cum_volume_base
500,0.1081239882811442,-0.015656723264916916,170,all_features,test,cum_volume_base
500,-3.7383444294284067,-4.415329387193802,180,all_features,test,cum_volume_base
500,-0.18594185557414591,-0.36062954809894276,190,all_features,test,cum_volume_base
500,-0.059449557946149124,-0.22193453777570632,200,all_features,test,cum_volume_base
500,-0.38383597169959005,-0.6046386791074734,210,all_features,test,cum_volume_base
500,-0.13670554202722077,-0.3239276313022925,220,all_features,test,cum_volume_base
500,-0.05778433861103412,-0.23765050145177682,230,all_features,test,cum_volume_base
500,-0.38693413757943584,-0.6322953363615642,240,all_features,test,cum_volume_base
500,-2.449972593157726,-3.0795512392496955,250,all_features,test,cum_volume_base
500,-1.1943468364897207,-1.609627592845629,260,all_features,test,cum_volume_base
500,-0.18021187475278097,-0.4087934258047131,270,all_features,test,cum_volume_base
500,0.1810220245269951,0.01816072595429157,280,all_features,test,cum_volume_base
500,0.009422964415459001,-0.193358081534486,290,all_features,test,cum_volume_base
500,-2.601561832478815,-3.3648991234941135,300,all_features,test,cum_volume_base
500,0.07476311575371922,0.06538156923923917,10,reduced_multicollinearity,train,cum_volume_500
500,0.07461556537482299,0.06472654141253179,20,reduced_multicollinearity,train,cum_volume_500
500,0.06825592661050109,0.057683640543630975,30,reduced_multicollinearity,train,cum_volume_500
500,0.05949816889543023,0.048261600225626936,40,reduced_multicollinearity,train,cum_volume_500
500,0.046121843888405366,0.0341903398428937,50,reduced_multicollinearity,train,cum_volume_500
500,0.04672418027222021,0.03434768769435481,60,reduced_multicollinearity,train,cum_volume_500
500,0.040320210422443804,0.02736906148945084,70,reduced_multicollinearity,train,cum_volume_500
500,0.04591823911431696,0.03251386447037898,80,reduced_multicollinearity,train,cum_volume_500
500,0.054826195371386666,0.04108973985414581,90,reduced_multicollinearity,train,cum_volume_500
500,0.073657524396515,0.05963020676943842,100,reduced_multicollinearity,train,cum_volume_500
500,0.07471866301896116,0.06019304986346254,110,reduced_multicollinearity,train,cum_volume_500
500,0.07815330555158714,0.06316767424268019,120,reduced_multicollinearity,train,cum_volume_500
500,0.12642760961324778,0.11175712438774879,130,reduced_multicollinearity,train,cum_volume_500
500,0.14460782456062443,0.12971151072176054,140,reduced_multicollinearity,train,cum_volume_500
500,0.15379313051014779,0.13844829600197522,150,reduced_multicollinearity,train,cum_volume_500
500,0.1624040539531377,0.14676154220903392,160,reduced_multicollinearity,train,cum_volume_500
500,0.1638665087782407,0.14782731750961894,170,reduced_multicollinearity,train,cum_volume_500
500,0.15993275445561678,0.14338849191795364,180,reduced_multicollinearity,train,cum_volume_500
500,0.15808492667663734,0.1410606731327883,190,reduced_multicollinearity,train,cum_volume_500
500,0.157534182653347,0.13987245153120217,200,reduced_multicollinearity,train,cum_volume_500
500,0.1593613842094876,0.14112622619397414,210,reduced_multicollinearity,train,cum_volume_500
500,0.16105812576006237,0.14233495946801222,220,reduced_multicollinearity,train,cum_volume_500
500,0.1565910223420952,0.13723653565268173,230,reduced_multicollinearity,train,cum_volume_500
500,0.16029404138852044,0.14034854384756262,240,reduced_multicollinearity,train,cum_volume_500
500,0.15648542153747147,0.13592338334028603,250,reduced_multicollinearity,train,cum_volume_500
500,0.1557087940299017,0.13444200699954503,260,reduced_multicollinearity,train,cum_volume_500
500,0.15506194780075738,0.13335824076049776,270,reduced_multicollinearity,train,cum_volume_500
500,0.14824841438950268,0.12587468944913294,280,reduced_multicollinearity,train,cum_volume_500
500,0.1469539236165389,0.123989351058081,290,reduced_multicollinearity,train,cum_volume_500
500,0.14510968412196287,0.12144863891769138,300,reduced_multicollinearity,train,cum_volume_500
500,0.053542266725401855,0.04394554847189023,10,reduced_multicollinearity,train,cum_volume_3000
500,0.0795493468271363,0.06971304720424507,20,reduced_multicollinearity,train,cum_volume_3000
500,0.08972492639163636,0.0793962395851544,30,reduced_multicollinearity,train,cum_volume_3000
500,0.08230833121816439,0.07134427418600116,40,reduced_multicollinearity,train,cum_volume_3000
500,0.08734210347351923,0.07592618614811827,50,reduced_multicollinearity,train,cum_volume_3000
500,0.08906355644441424,0.07723676521122791,60,reduced_multicollinearity,train,cum_volume_3000
500,0.09420590800917901,0.08198196678700928,70,reduced_multicollinearity,train,cum_volume_3000
500,0.09538471817124831,0.08267532697090027,80,reduced_multicollinearity,train,cum_volume_3000
500,0.1032624970065085,0.09022997879642984,90,reduced_multicollinearity,train,cum_volume_3000
500,0.10671754384915395,0.09319084387249585,100,reduced_multicollinearity,train,cum_volume_3000
500,0.10608593229634547,0.09205273453985596,110,reduced_multicollinearity,train,cum_volume_3000
500,0.11064467968055014,0.09618723765087615,120,reduced_multicollinearity,train,cum_volume_3000
500,0.1076948236769418,0.09270970989654584,130,reduced_multicollinearity,train,cum_volume_3000
500,0.10973570617449573,0.09423210829139919,140,reduced_multicollinearity,train,cum_volume_3000
500,0.10939629114838212,0.09324643065587139,150,reduced_multicollinearity,train,cum_volume_3000
500,0.10831031846874688,0.09165757749713319,160,reduced_multicollinearity,train,cum_volume_3000
500,0.10094297182833552,0.08369675354439983,170,reduced_multicollinearity,train,cum_volume_3000
500,0.1014221917343209,0.08372558524297044,180,reduced_multicollinearity,train,cum_volume_3000
500,0.09898248310231321,0.08076313249479194,190,reduced_multicollinearity,train,cum_volume_3000
500,0.10119698054814719,0.08235413363141353,200,reduced_multicollinearity,train,cum_volume_3000
500,0.09629478678351489,0.07669162700690055,210,reduced_multicollinearity,train,cum_volume_3000
500,0.09818093873214558,0.07805450474676852,220,reduced_multicollinearity,train,cum_volume_3000
500,0.0931254365623511,0.07231454631576786,230,reduced_multicollinearity,train,cum_volume_3000
500,0.10005253568923547,0.07867613880812514,240,reduced_multicollinearity,train,cum_volume_3000
500,0.1089166204431167,0.08719519345705665,250,reduced_multicollinearity,train,cum_volume_3000
500,0.11285206436778286,0.09050578713798711,260,reduced_multicollinearity,train,cum_volume_3000
500,0.1126496527573579,0.08985658183287197,270,reduced_multicollinearity,train,cum_volume_3000
500,0.11699211359595174,0.09379736983118095,280,reduced_multicollinearity,train,cum_volume_3000
500,0.1252143833106426,0.10166454652748495,290,reduced_multicollinearity,train,cum_volume_3000
500,0.12556181630964358,0.10135976160637745,300,reduced_multicollinearity,train,cum_volume_3000
500,0.07445949656120618,0.0650748710892169,10,reduced_multicollinearity,train,cum_volume_base
500,0.07592375265333,0.06604870849754976,20,reduced_multicollinearity,train,cum_volume_base
500,0.06631045848372327,0.05571609767966901,30,reduced_multicollinearity,train,cum_volume_base
500,0.058224371477618365,0.04697258197273004,40,reduced_multicollinearity,train,cum_volume_base
500,0.045075251836236084,0.033130653628414566,50,reduced_multicollinearity,train,cum_volume_base
500,0.03965441966474688,0.027186135058827478,60,reduced_multicollinearity,train,cum_volume_base
500,0.04352984938268796,0.030622016751787995,70,reduced_multicollinearity,train,cum_volume_base
500,0.051218046255427564,0.03788812885634465,80,reduced_multicollinearity,train,cum_volume_base
500,0.059329273792585305,0.04565826267945354,90,reduced_multicollinearity,train,cum_volume_base
500,0.07744331018134923,0.063473319537619,100,reduced_multicollinearity,train,cum_volume_base
500,0.07841930223428295,0.06395178300499718,110,reduced_multicollinearity,train,cum_volume_base
500,0.08192681667189261,0.06700253100134095,120,reduced_multicollinearity,train,cum_volume_base
500,0.12728969456786904,0.11263368775124234,130,reduced_multicollinearity,train,cum_volume_base
500,0.14590619839801724,0.1310324952220952,140,reduced_multicollinearity,train,cum_volume_base
500,0.15731688645869243,0.14203595745080794,150,reduced_multicollinearity,train,cum_volume_base
500,0.16488803404003383,0.1492919179135455,160,reduced_multicollinearity,train,cum_volume_base
500,0.16702411896216782,0.15104550077012113,170,reduced_multicollinearity,train,cum_volume_base
500,0.16342855072436288,0.1469531257052214,180,reduced_multicollinearity,train,cum_volume_base
500,0.15965617533493637,0.14266368562260917,190,reduced_multicollinearity,train,cum_volume_base
500,0.16078273847891855,0.1431891193666509,200,reduced_multicollinearity,train,cum_volume_base
500,0.16130637374346682,0.14311339152728692,210,reduced_multicollinearity,train,cum_volume_base
500,0.16289909574210337,0.1442170154754035,220,reduced_multicollinearity,train,cum_volume_base
500,0.1559936282605377,0.13662543261603113,230,reduced_multicollinearity,train,cum_volume_base
500,0.15959278186222586,0.1396306381806457,240,reduced_multicollinearity,train,cum_volume_base
500,0.15468530349145676,0.13407938611485046,250,reduced_multicollinearity,train,cum_volume_base
500,0.15485331384168774,0.13356499432836338,260,reduced_multicollinearity,train,cum_volume_base
500,0.15439932955052268,0.13267859778259958,270,reduced_multicollinearity,train,cum_volume_base
500,0.14770042940071137,0.12531232929406946,280,reduced_multicollinearity,train,cum_volume_base
500,0.14736969668909505,0.12441631701724884,290,reduced_multicollinearity,train,cum_volume_base
500,0.14700757683486915,0.12339905139516427,300,reduced_multicollinearity,train,cum_volume_base
500,0.057317573667102883,0.017836519294319307,10,reduced_multicollinearity,test,cum_volume_500
500,0.048663891644460965,0.006598009302209329,20,reduced_multicollinearity,test,cum_volume_500
500,0.04482605276225275,-0.00011485422217134555,30,reduced_multicollinearity,test,cum_volume_500
500,0.027188502289377546,-0.021098271815370474,40,reduced_multicollinearity,test,cum_volume_500
500,0.020017330387252043,-0.031002829416943413,50,reduced_multicollinearity,test,cum_volume_500
500,0.014815794705602237,-0.038503869049035265,60,reduced_multicollinearity,test,cum_volume_500
500,0.018632550127807825,-0.03666779262807438,70,reduced_multicollinearity,test,cum_volume_500
500,0.022609830037929136,-0.03483176636730456,80,reduced_multicollinearity,test,cum_volume_500
500,-0.03347993716147237,-0.09640845792540287,90,reduced_multicollinearity,test,cum_volume_500
500,-0.15480276601370568,-0.228213210796973,100,reduced_multicollinearity,test,cum_volume_500
500,0.0043434114358367635,-0.06139166017166107,110,reduced_multicollinearity,test,cum_volume_500
500,0.02833268153521109,-0.03821759011783732,120,reduced_multicollinearity,test,cum_volume_500
500,-0.4768024174624248,-0.581459077103167,130,reduced_multicollinearity,test,cum_volume_500
500,0.10706981272657327,0.04130158363561269,140,reduced_multicollinearity,test,cum_volume_500
500,-0.22483003428359744,-0.31900753202118565,150,reduced_multicollinearity,test,cum_volume_500
500,0.07388706485904657,0.0004324772735301963,160,reduced_multicollinearity,test,cum_volume_500
500,-0.00796393106906772,-0.09021225458455855,170,reduced_multicollinearity,test,cum_volume_500
500,-3.7375291786266613,-4.1349249446746885,180,reduced_multicollinearity,test,cum_volume_500
500,-0.45762354709368813,-0.5834808498712958,190,reduced_multicollinearity,test,cum_volume_500
500,-0.12256830687890703,-0.22326472298898886,200,reduced_multicollinearity,test,cum_volume_500
500,-0.4700040050419988,-0.6068803789207585,210,reduced_multicollinearity,test,cum_volume_500
500,-0.328195764034603,-0.45562413991984163,220,reduced_multicollinearity,test,cum_volume_500
500,-0.3104194198262406,-0.4399665868052606,230,reduced_multicollinearity,test,cum_volume_500
500,-0.5267103235877195,-0.6833483858150762,240,reduced_multicollinearity,test,cum_volume_500
500,-2.8193506136289623,-3.2226468173101304,250,reduced_multicollinearity,test,cum_volume_500
500,-1.4559981113793978,-1.7243819638134876,260,reduced_multicollinearity,test,cum_volume_500
500,-0.6311499419971452,-0.8132611098469814,270,reduced_multicollinearity,test,cum_volume_500
500,-0.034724385233864785,-0.15312009385043088,280,reduced_multicollinearity,test,cum_volume_500
500,-0.6975033256821724,-0.8971081737155796,290,reduced_multicollinearity,test,cum_volume_500
500,-1.799342406596924,-2.1390068323746148,300,reduced_multicollinearity,test,cum_volume_500
500,0.03695649629078932,-0.003377326715368234,10,reduced_multicollinearity,test,cum_volume_3000
500,0.04042820613709384,-0.0020018391697693037,20,reduced_multicollinearity,test,cum_volume_3000
500,0.06719734829297119,0.02330866927179782,30,reduced_multicollinearity,test,cum_volume_3000
500,0.06343318421202289,0.016944559758779863,40,reduced_multicollinearity,test,cum_volume_3000
500,0.06136009764647617,0.012491619315795344,50,reduced_multicollinearity,test,cum_volume_3000
500,0.060906629334098,0.01008185651188236,60,reduced_multicollinearity,test,cum_volume_3000
500,0.0574009065047794,0.004285103438411775,70,reduced_multicollinearity,test,cum_volume_3000
500,0.06933735012457701,0.014641663736798271,80,reduced_multicollinearity,test,cum_volume_3000
500,-0.19873906457213475,-0.2717302019933888,90,reduced_multicollinearity,test,cum_volume_3000
500,-0.059117175245389356,-0.12644491743702774,100,reduced_multicollinearity,test,cum_volume_3000
500,-0.2301357615478395,-0.31134351489333695,110,reduced_multicollinearity,test,cum_volume_3000
500,-0.1512882721808655,-0.23012686238683117,120,reduced_multicollinearity,test,cum_volume_3000
500,-0.27094915607469056,-0.36102620939828184,130,reduced_multicollinearity,test,cum_volume_3000
500,-0.32454845558208933,-0.42210726534167675,140,reduced_multicollinearity,test,cum_volume_3000
500,-0.3293855297488328,-0.43152515741910874,150,reduced_multicollinearity,test,cum_volume_3000
500,0.021017500545164824,-0.05663139470857774,160,reduced_multicollinearity,test,cum_volume_3000
500,-0.2598335730586319,-0.36261503587858346,170,reduced_multicollinearity,test,cum_volume_3000
500,-0.9869743160019006,-1.1538604913037847,180,reduced_multicollinearity,test,cum_volume_3000
500,-0.0005639873787120608,-0.08693638606517298,190,reduced_multicollinearity,test,cum_volume_3000
500,0.04923139115729112,-0.036070833419692236,200,reduced_multicollinearity,test,cum_volume_3000
500,0.035565399049447444,-0.05418526702867497,210,reduced_multicollinearity,test,cum_volume_3000
500,-0.41812627064447694,-0.5541826656140578,220,reduced_multicollinearity,test,cum_volume_3000
500,-0.26818385165146835,-0.3935556392672029,230,reduced_multicollinearity,test,cum_volume_3000
500,-0.4051685842933061,-0.5494136752093249,240,reduced_multicollinearity,test,cum_volume_3000
500,-1.5039142397114678,-1.7677216910579212,250,reduced_multicollinearity,test,cum_volume_3000
500,-1.1211241469269897,-1.352928133455156,260,reduced_multicollinearity,test,cum_volume_3000
500,-0.23555696767433743,-0.3735222576640317,270,reduced_multicollinearity,test,cum_volume_3000
500,-0.5160000388197151,-0.6895398069873228,280,reduced_multicollinearity,test,cum_volume_3000
500,-0.03091202053421549,-0.15209848139982868,290,reduced_multicollinearity,test,cum_volume_3000
500,-1.3730334461287672,-1.6607937067050167,300,reduced_multicollinearity,test,cum_volume_3000
500,0.056712379197682884,0.017205951715977098,10,reduced_multicollinearity,test,cum_volume_base
500,0.04747772705145596,0.005359395254411559,20,reduced_multicollinearity,test,cum_volume_base
500,0.045430664029750045,0.000518320607498679,30,reduced_multicollinearity,test,cum_volume_base
500,0.03278009647855236,-0.015229140813734342,40,reduced_multicollinearity,test,cum_volume_base
500,0.02349646961906209,-0.02734258588853624,50,reduced_multicollinearity,test,cum_volume_base
500,0.02329421974433199,-0.029566820268398387,60,reduced_multicollinearity,test,cum_volume_base
500,0.022882098892852688,-0.032178664678931004,70,reduced_multicollinearity,test,cum_volume_base
500,0.02956675896722265,-0.02746599226680526,80,reduced_multicollinearity,test,cum_volume_base
500,-0.0721404084846941,-0.13742296263130316,90,reduced_multicollinearity,test,cum_volume_base
500,-0.21878990060004405,-0.29626798719075575,100,reduced_multicollinearity,test,cum_volume_base
500,-5.969982260223272e-05,-0.06608523745651496,110,reduced_multicollinearity,test,cum_volume_base
500,0.043726028059868874,-0.02177011862722249,120,reduced_multicollinearity,test,cum_volume_base
500,-0.5094532599225956,-0.6164229570176443,130,reduced_multicollinearity,test,cum_volume_base
500,0.09155956486521058,0.02464893791477287,140,reduced_multicollinearity,test,cum_volume_base
500,-0.20777408366038924,-0.3006415858522436,150,reduced_multicollinearity,test,cum_volume_base
500,0.04209015405825896,-0.03388414987177772,160,reduced_multicollinearity,test,cum_volume_base
500,-0.06861741342652505,-0.1558084462767259,170,reduced_multicollinearity,test,cum_volume_base
500,-3.3111058262821316,-3.67274028810044,180,reduced_multicollinearity,test,cum_volume_base
500,-0.6036803670721556,-0.7421545522816214,190,reduced_multicollinearity,test,cum_volume_base
500,-0.29340382665434006,-0.4094160056863657,200,reduced_multicollinearity,test,cum_volume_base
500,-0.7085251530010617,-0.8676306490269127,210,reduced_multicollinearity,test,cum_volume_base
500,-0.4218797870714117,-0.5582962980081524,220,reduced_multicollinearity,test,cum_volume_base
500,-0.37494551845614243,-0.5108716913833655,230,reduced_multicollinearity,test,cum_volume_base
500,-0.6954444351251599,-0.8694327567479532,240,reduced_multicollinearity,test,cum_volume_base
500,-2.8625545541484714,-3.2705164242901263,250,reduced_multicollinearity,test,cum_volume_base
500,-1.7088253752947289,-2.0048279150230486,260,reduced_multicollinearity,test,cum_volume_base
500,-0.48280299760107004,-0.6483598322134428,270,reduced_multicollinearity,test,cum_volume_base
500,0.0022296703907809467,-0.11195287571825738,280,reduced_multicollinearity,test,cum_volume_base
500,-0.4695740017033906,-0.6423643056593153,290,reduced_multicollinearity,test,cum_volume_base
500,-2.3860004681179374,-2.796904485720493,300,reduced_multicollinearity,test,cum_volume_base
500,0.06670385989703546,0.059441418653070774,10,step-wise,train,cum_volume_500
500,0.06369446465146514,0.05601668248378535,20,step-wise,train,cum_volume_500
500,0.05507457956228334,0.046848542889656695,30,step-wise,train,cum_volume_500
500,0.04875816639676631,0.04003998252172671,40,step-wise,train,cum_volume_500
500,0.035874037470687334,0.026624054437348898,50,step-wise,train,cum_volume_500
500,0.03074994864967453,0.02109894805414352,60,step-wise,train,cum_volume_500
500,0.03381807637319734,0.023819294755493447,70,step-wise,train,cum_volume_500
500,0.03792792796299478,0.02756411719055061,80,step-wise,train,cum_volume_500
500,0.04764830901872941,0.037037148116431086,90,step-wise,train,cum_volume_500
500,0.06528810712326402,0.05443828828546091,100,step-wise,train,cum_volume_500
500,0.06787841307904241,0.05666289435899561,110,step-wise,train,cum_volume_500
500,0.0713754664295793,0.05980670415381695,120,step-wise,train,cum_volume_500
500,0.11963163115731959,0.10830275213386131,130,step-wise,train,cum_volume_500
500,0.13818301819835285,0.12668445940179984,140,step-wise,train,cum_volume_500
500,0.14664285144823935,0.13478900402732336,150,step-wise,train,cum_volume_500
500,0.1560908208321929,0.14401944622441648,160,step-wise,train,cum_volume_500
500,0.15707452504977737,0.14469127724883,170,step-wise,train,cum_volume_500
500,0.15425421449544094,0.14149979308006094,180,step-wise,train,cum_volume_500
500,0.15358985682445678,0.14048550737073828,190,step-wise,train,cum_volume_500
500,0.1535185088226655,0.13993351984280775,200,step-wise,train,cum_volume_500
500,0.15480268337134778,0.14076982481600744,210,step-wise,train,cum_volume_500
500,0.15726805443479874,0.14287468217920174,220,step-wise,train,cum_volume_500
500,0.15343748494322001,0.13857247150938712,230,step-wise,train,cum_volume_500
500,0.15740764547950664,0.1420961471647671,240,step-wise,train,cum_volume_500
500,0.152180387687943,0.1363716443143141,250,step-wise,train,cum_volume_500
500,0.15205155922534516,0.13571657618792216,260,step-wise,train,cum_volume_500
500,0.15102858861590196,0.13435258661756505,270,step-wise,train,cum_volume_500
500,0.14483388943268122,0.12765843025050966,280,step-wise,train,cum_volume_500
500,0.14275776941600526,0.1251154100980156,290,step-wise,train,cum_volume_500
500,0.14089332473867072,0.12271884704837074,300,step-wise,train,cum_volume_500
500,0.051024132812442315,0.04438329354989075,10,step-wise,train,cum_volume_3000
500,0.07529061689284149,0.06847178489942536,20,step-wise,train,cum_volume_3000
500,0.08268473135005536,0.07550386690350588,30,step-wise,train,cum_volume_3000
500,0.07590728077965189,0.06829182956219511,40,step-wise,train,cum_volume_3000
500,0.08014578150621669,0.07221067525295125,50,step-wise,train,cum_volume_3000
500,0.08064044226514602,0.07240983114452582,60,step-wise,train,cum_volume_3000
500,0.08535349211053914,0.07684339471729791,70,step-wise,train,cum_volume_3000
500,0.08765515533906428,0.07881936137247585,80,step-wise,train,cum_volume_3000
500,0.09619409880406041,0.08714095121278223,90,step-wise,train,cum_volume_3000
500,0.09917082318288643,0.08977086655522955,100,step-wise,train,cum_volume_3000
500,0.0986353202926922,0.0888861456984867,110,step-wise,train,cum_volume_3000
500,0.10109036327088058,0.09102418822889347,120,step-wise,train,cum_volume_3000
500,0.09942712817050423,0.0890105191363472,130,step-wise,train,cum_volume_3000
500,0.10085032845201473,0.09006772079854122,140,step-wise,train,cum_volume_3000
500,0.10010532720875756,0.08887069248643642,150,step-wise,train,cum_volume_3000
500,0.09902393646123467,0.08744161269926205,160,step-wise,train,cum_volume_3000
500,0.09391287738873796,0.0819504412220208,170,step-wise,train,cum_volume_3000
500,0.09597989382541919,0.08372843588772783,180,step-wise,train,cum_volume_3000
500,0.09477114183769512,0.08217715152722907,190,step-wise,train,cum_volume_3000
500,0.09551146291043847,0.08246803575867671,200,step-wise,train,cum_volume_3000
500,0.08987686224327496,0.0762996768226198,210,step-wise,train,cum_volume_3000
500,0.09234071745213428,0.07841244201661712,220,step-wise,train,cum_volume_3000
500,0.08800224773782347,0.0736149037056418,230,step-wise,train,cum_volume_3000
500,0.09382458256914532,0.07903123496838922,240,step-wise,train,cum_volume_3000
500,0.1008998237410921,0.08583957934610065,250,step-wise,train,cum_volume_3000
500,0.10290172026992864,0.08737801585853329,260,step-wise,train,cum_volume_3000
500,0.10647490686418656,0.09070988528207787,270,step-wise,train,cum_volume_3000
500,0.11037222337859806,0.0943236482852486,280,step-wise,train,cum_volume_3000
500,0.11836676473889321,0.10207039854006583,290,step-wise,train,cum_volume_3000
500,0.1177007779051418,0.10093765105467964,300,step-wise,train,cum_volume_3000
500,0.07283765168504572,0.06598634254031036,10,step-wise,train,cum_volume_base
500,0.07422676361830434,0.06701787366287318,20,step-wise,train,cum_volume_base
500,0.06442274282894436,0.05668868396834932,30,step-wise,train,cum_volume_base
500,0.05737467103913774,0.0491711782123011,40,step-wise,train,cum_volume_base
500,0.043945269256700906,0.035235526234033435,50,step-wise,train,cum_volume_base
500,0.03884853199241067,0.029761211870476822,60,step-wise,train,cum_volume_base
500,0.04250806952536475,0.03309953026721311,70,step-wise,train,cum_volume_base
500,0.04988405771679107,0.04016602768173394,80,step-wise,train,cum_volume_base
500,0.05778889451346192,0.047821182373014096,90,step-wise,train,cum_volume_base
500,0.07513473866693694,0.064941908060598,100,step-wise,train,cum_volume_base
500,0.07642415925194015,0.06587344632375991,110,step-wise,train,cum_volume_base
500,0.07969065466829832,0.06880552267172999,120,step-wise,train,cum_volume_base
500,0.12336788053850267,0.11265801434769382,130,step-wise,train,cum_volume_base
500,0.1415489950426213,0.13067528231316122,140,step-wise,train,cum_volume_base
500,0.15216669253308127,0.14098620235908849,150,step-wise,train,cum_volume_base
500,0.15978509810012118,0.14837565661304364,160,step-wise,train,cum_volume_base
500,0.1611991377086547,0.14950121471263259,170,step-wise,train,cum_volume_base
500,0.15853623366138592,0.14648995479427235,180,step-wise,train,cum_volume_base
500,0.15498493609357175,0.14256593350778354,190,step-wise,train,cum_volume_base
500,0.15687228478789553,0.14402799192111176,200,step-wise,train,cum_volume_base
500,0.1565747324268624,0.14328249464468706,210,step-wise,train,cum_volume_base
500,0.1584488519618101,0.14480595792364837,220,step-wise,train,cum_volume_base
500,0.1521892676134515,0.13805908874034242,230,step-wise,train,cum_volume_base
500,0.1562044194104379,0.14165095642236522,240,step-wise,train,cum_volume_base
500,0.14947489538360384,0.13442270653889327,250,step-wise,train,cum_volume_base
500,0.14990235494933327,0.13435976673662625,260,step-wise,train,cum_volume_base
500,0.1500614080181348,0.13421671609832597,270,step-wise,train,cum_volume_base
500,0.14362742466919848,0.12730412992352538,280,step-wise,train,cum_volume_base
500,0.1428251022939638,0.12608339755463946,290,step-wise,train,cum_volume_base
500,0.14159751665198045,0.12436413284305856,300,step-wise,train,cum_volume_base
500,0.05376781911903346,0.02357520424839077,10,step-wise,test,cum_volume_500
500,0.03994819815724815,0.007623221664226109,20,step-wise,test,cum_volume_500
500,0.036399797263470555,0.001899692836439204,30,step-wise,test,cum_volume_500
500,0.024183588939006472,-0.012652940911583333,40,step-wise,test,cum_volume_500
500,0.020132910149366266,-0.018642824676874392,50,step-wise,test,cum_volume_500
500,0.018567498823650785,-0.021787354802341462,60,step-wise,test,cum_volume_500
500,0.013629122478341804,-0.028577648486720664,70,step-wise,test,cum_volume_500
500,0.017160497359486306,-0.02667722660706153,80,step-wise,test,cum_volume_500
500,0.02783013923932487,-0.01707378042629526,90,step-wise,test,cum_volume_500
500,0.05618076671451637,0.01069550245979436,100,step-wise,test,cum_volume_500
500,0.06175062371788611,0.014814296601913602,110,step-wise,test,cum_volume_500
500,0.0577727960947428,0.008902591464639698,120,step-wise,test,cum_volume_500
500,0.10588839670184247,0.05792215629965949,130,step-wise,test,cum_volume_500
500,0.11167459799902857,0.06218571766471259,140,step-wise,test,cum_volume_500
500,0.12390552761419056,0.07299832122976482,150,step-wise,test,cum_volume_500
500,0.1199130196514961,0.0671808077647362,160,step-wise,test,cum_volume_500
500,0.1201570199032401,0.06594244877139613,170,step-wise,test,cum_volume_500
500,0.1271728130381257,0.0718962364459597,180,step-wise,test,cum_volume_500
500,0.12109344778477464,0.06387285566390241,190,step-wise,test,cum_volume_500
500,0.12482698394229452,0.06565500721154953,200,step-wise,test,cum_volume_500
500,0.12372465241647408,0.06231499505040443,210,step-wise,test,cum_volume_500
500,0.12441997173988764,0.06120119713626948,220,step-wise,test,cum_volume_500
500,0.10833311717234266,0.04203818164612276,230,step-wise,test,cum_volume_500
500,0.12156802733435874,0.05384091079923736,240,step-wise,test,cum_volume_500
500,0.10739069634187196,0.036657129706445704,250,step-wise,test,cum_volume_500
500,0.095256742508901,0.021037955307949874,260,step-wise,test,cum_volume_500
500,0.0995042331357904,0.024080776415675676,270,step-wise,test,cum_volume_500
500,0.0931859865843024,0.015413429257157385,280,step-wise,test,cum_volume_500
500,0.1001569365491733,0.020947969129224586,290,step-wise,test,cum_volume_500
500,0.09470426730103707,0.012627662880985624,300,step-wise,test,cum_volume_500
500,0.03795021534235195,0.01041055131278541,10,step-wise,test,cum_volume_3000
500,0.042562007760757956,0.013646095243465406,20,step-wise,test,cum_volume_3000
500,0.0665997098781271,0.03662954006438239,30,step-wise,test,cum_volume_3000
500,0.06232662924457646,0.030588856729615043,40,step-wise,test,cum_volume_3000
500,0.0593510382324798,0.025981059312800082,50,step-wise,test,cum_volume_3000
500,0.059403289490870925,0.02473764807002001,60,step-wise,test,cum_volume_3000
500,0.05858022884150589,0.0224798998521329,70,step-wise,test,cum_volume_3000
500,0.0721089869624955,0.03502628448028848,80,step-wise,test,cum_volume_3000
500,-0.20529350360023474,-0.25516771754231354,90,step-wise,test,cum_volume_3000
500,-0.06703363589690348,-0.11309264176295682,100,step-wise,test,cum_volume_3000
500,-0.2429037343485323,-0.2985770323946186,110,step-wise,test,cum_volume_3000
500,-0.15981286284424748,-0.21366242749890615,120,step-wise,test,cum_volume_3000
500,-0.29492992025706954,-0.3571111965316012,130,step-wise,test,cum_volume_3000
500,-0.31131332227943614,-0.3766973660496019,140,step-wise,test,cum_volume_3000
500,-0.28684396542846036,-0.3537075328808774,150,step-wise,test,cum_volume_3000
500,0.014418719988709427,-0.0384101528534152,160,step-wise,test,cum_volume_3000
500,-0.2641921819083871,-0.3338448547359124,170,step-wise,test,cum_volume_3000
500,-1.0861203222362004,-1.2043532076396182,180,step-wise,test,cum_volume_3000
500,0.014278566850109687,-0.043105928157127923,190,step-wise,test,cum_volume_3000
500,0.059249958305793424,0.0023874166186686587,200,step-wise,test,cum_volume_3000
500,0.05642028454737906,-0.0026783162091780443,210,step-wise,test,cum_volume_3000
500,-0.41074773000451853,-0.5017637125854552,220,step-wise,test,cum_volume_3000
500,-0.23930787607681997,-0.32162352836236513,230,step-wise,test,cum_volume_3000
500,-0.3785639451462784,-0.47353748435439724,240,step-wise,test,cum_volume_3000
500,-1.4632497499030035,-1.6372827195680784,250,step-wise,test,cum_volume_3000
500,-1.1332342008790395,-1.2893786820282478,260,step-wise,test,cum_volume_3000
500,-0.12525035763291897,-0.2093528229012062,270,step-wise,test,cum_volume_3000
500,-0.4520756164770211,-0.563235227881745,280,step-wise,test,cum_volume_3000
500,0.019252220714018643,-0.05777501480935214,290,step-wise,test,cum_volume_3000
500,-0.34264134829545273,-0.45115026376532735,300,step-wise,test,cum_volume_3000
500,0.05844703778692646,0.029951412846708124,10,step-wise,test,cum_volume_base
500,0.04933575813142808,0.01897841259276767,20,step-wise,test,cum_volume_base
500,0.046671656409396745,0.014303765481369824,30,step-wise,test,cum_volume_base
500,0.03503345449182824,0.0004930677105575932,40,step-wise,test,cum_volume_base
500,0.024239510126760778,-0.01237075683799238,50,step-wise,test,cum_volume_base
500,0.023544343915427944,-0.014520306402392857,60,step-wise,test,cum_volume_base
500,0.023891933335742844,-0.015702498655520224,70,step-wise,test,cum_volume_base
500,0.029744373284533367,-0.011276708264049052,80,step-wise,test,cum_volume_base
500,0.03082091324181706,-0.011608585948057448,90,step-wise,test,cum_volume_base
500,0.06628331762317294,0.02363760376461599,100,step-wise,test,cum_volume_base
500,0.06535124457114257,0.021043773482528928,110,step-wise,test,cum_volume_base
500,0.062189316448581014,0.01610014377919544,120,step-wise,test,cum_volume_base
500,0.11083677458824306,0.06564251901224023,130,step-wise,test,cum_volume_base
500,0.11917906918531378,0.07269129783676087,140,step-wise,test,cum_volume_base
500,0.13309207953363128,0.08537616853538003,150,step-wise,test,cum_volume_base
500,0.13082223049798236,0.08149585495334402,160,step-wise,test,cum_volume_base
500,0.135166890923955,0.08469835244943716,170,step-wise,test,cum_volume_base
500,0.1376722534081705,0.08595409521288473,180,step-wise,test,cum_volume_base
500,0.1330410647625409,0.0795945175395194,190,step-wise,test,cum_volume_base
500,0.13079192051511324,0.07515008004340447,200,step-wise,test,cum_volume_base
500,0.13111721008675783,0.07347210428148199,210,step-wise,test,cum_volume_base
500,0.13562802243705346,0.07655223979785923,220,step-wise,test,cum_volume_base
500,0.11335695273031579,0.05096355310763423,230,step-wise,test,cum_volume_base
500,0.12440876772041129,0.06052310981812405,240,step-wise,test,cum_volume_base
500,0.10931043676101246,0.042524047958097055,250,step-wise,test,cum_volume_base
500,0.1114744005010605,0.042512926492894045,260,step-wise,test,cum_volume_base
500,0.11483182809995747,0.04469200606346006,270,step-wise,test,cum_volume_base
500,0.10679837403152954,0.034336108875747604,280,step-wise,test,cum_volume_base
500,0.11040817545865833,0.036339643533456825,290,step-wise,test,cum_volume_base
500,0.10661929198440309,0.030018100489225995,300,step-wise,test,cum_volume_base
